grid_size,grid_res,years,mu,p_spread,rho,n_repeats,x_lines,y_lines,initial_flammable_fraction,initial_num_flammable_clusters,initial_contagion,burned_fraction,num_fires,median_fire_size_ha,max_fire_size_ha,sd_fire_size_ha
101,500,1,0.0004,0.3,0.1,3,[50],[50],0.1011,833,52.73356677713175,0.0001,1,25.0,25.0,0.0
101,500,1,0.0004,0.3,0.1,3,[50],[50],0.0965,802,54.2887808621706,0.0001,1,25.0,25.0,0.0
101,500,1,0.0004,0.3,0.1,3,[50],[50],0.0956,770,54.5827458306666,0.0001,1,25.0,25.0,0.0
101,500,1,0.0004,0.4,0.1,3,[50],[50],0.0982,785,53.69770234309329,0.0001,1,25.0,25.0,0.0
101,500,1,0.0004,0.4,0.1,3,[50],[50],0.0925,768,55.64670434456849,0.0001,1,25.0,25.0,0.0
101,500,1,0.0004,0.4,0.1,3,[50],[50],0.0964,790,54.20103875627201,0.0001,1,25.0,25.0,0.0
101,500,1,0.0004,0.5,0.1,3,[50],[50],0.0986,819,53.51087818302038,0.0001,1,25.0,25.0,0.0
101,500,1,0.0004,0.5,0.1,3,[50],[50],0.0962,783,54.338593564691685,0.0001,1,25.0,25.0,0.0
101,500,1,0.0004,0.5,0.1,3,[50],[50],0.1006,831,52.889773798273424,0.0002,1,50.0,50.0,0.0
101,500,1,0.0004,0.6,0.1,3,[50],[50],0.0967,798,54.152787481864316,0.0001,1,25.0,25.0,0.0
101,500,1,0.0004,0.6,0.1,3,[50],[50],0.0985,804,53.58937897948025,0.0002,1,50.0,50.0,0.0
101,500,1,0.0004,0.6,0.1,3,[50],[50],0.097,794,54.01761874625684,0.0001,1,25.0,25.0,0.0
101,500,1,0.0004,0.7,0.1,3,[50],[50],0.1016,815,52.61029906672891,0.0001,1,25.0,25.0,0.0
101,500,1,0.0004,0.7,0.1,3,[50],[50],0.1004,789,53.08086536747293,0.0001,1,25.0,25.0,0.0
101,500,1,0.0004,0.7,0.1,3,[50],[50],0.1001,818,52.99069177498905,0.0001,1,25.0,25.0,0.0
101,500,1,0.0004,0.8,0.1,3,[50],[50],0.0971,791,53.97839269118093,0.0001,1,25.0,25.0,0.0
101,500,1,0.0004,0.8,0.1,3,[50],[50],0.0998,821,53.186818869411724,0.0001,1,25.0,25.0,0.0
101,500,1,0.0004,0.8,0.1,3,[50],[50],0.1043,848,51.71166386081707,0.0001,1,25.0,25.0,0.0
101,500,1,0.0004,0.9,0.1,3,[50],[50],0.0997,822,53.19503973221285,0.0002,1,50.0,50.0,0.0
101,500,1,0.0004,0.9,0.1,3,[50],[50],0.099,805,53.49469140533972,0.0001,1,25.0,25.0,0.0
101,500,1,0.0004,0.9,0.1,3,[50],[50],0.0981,820,53.6619467267282,0.0002,1,50.0,50.0,0.0
101,500,1,0.0004,1,0.1,3,[50],[50],0.096,822,54.35530108476505,0.0001,1,25.0,25.0,0.0
101,500,1,0.0004,1,0.1,3,[50],[50],0.0958,789,54.45679763964658,0.0001,1,25.0,25.0,0.0
101,500,1,0.0004,1,0.1,3,[50],[50],0.0955,783,54.45709456846466,0.0001,1,25.0,25.0,0.0
101,500,1,0.002,0.3,0.1,3,[50],[50],0.0996,822,53.23441122984277,0.0005,1,25.0,25.0,0.0
101,500,1,0.002,0.3,0.1,3,[50],[50],0.0983,809,53.64418890422762,0.0006,1,25.0,50.0,10.0
101,500,1,0.002,0.3,0.1,3,[50],[50],0.0989,815,53.49409320104621,0.0005,1,25.0,25.0,0.0
101,500,1,0.002,0.4,0.1,3,[50],[50],0.0979,795,53.677019796038564,0.0005,1,25.0,25.0,0.0
101,500,1,0.002,0.4,0.1,3,[50],[50],0.1013,806,52.697821765547715,0.0006,1,25.0,50.0,10.0
101,500,1,0.002,0.4,0.1,3,[50],[50],0.0975,804,53.92183164420471,0.0007,1,25.0,75.0,20.0
101,500,1,0.002,0.5,0.1,3,[50],[50],0.097,801,54.17674078725643,0.0006,1,25.0,50.0,10.0
101,500,1,0.002,0.5,0.1,3,[50],[50],0.1,837,53.11228833676618,0.0005,1,25.0,25.0,0.0
101,500,1,0.002,0.5,0.1,3,[50],[50],0.1017,821,52.554426755901005,0.0007,1,25.0,75.0,20.0
101,500,1,0.002,0.6,0.1,3,[50],[50],0.0985,799,53.54261305925332,0.001,1,50.0,75.0,15.811388300841896
101,500,1,0.002,0.6,0.1,3,[50],[50],0.0975,797,53.85858829513498,0.0006,1,25.0,50.0,10.0
101,500,1,0.002,0.6,0.1,3,[50],[50],0.0969,792,54.04154599421974,0.0009,1,50.0,75.0,18.708286933869708
101,500,1,0.002,0.7,0.1,3,[50],[50],0.0959,792,54.37658572167319,0.0006,1,25.0,50.0,10.0
101,500,1,0.002,0.7,0.1,3,[50],[50],0.0958,793,54.480766852676155,0.0007,1,25.0,50.0,12.24744871391589
101,500,1,0.002,0.7,0.1,3,[50],[50],0.0997,808,53.21115181995593,0.0006,1,25.0,50.0,10.0
101,500,1,0.002,0.8,0.1,3,[50],[50],0.0963,800,54.36879821846156,0.0005,1,25.0,25.0,0.0
101,500,1,0.002,0.8,0.1,3,[50],[50],0.098,800,53.73184661317596,0.0007,1,25.0,50.0,12.24744871391589
101,500,1,0.002,0.8,0.1,3,[50],[50],0.0983,830,53.70448546855682,0.0006,1,25.0,50.0,10.0
101,500,1,0.002,0.9,0.1,3,[50],[50],0.1016,851,52.59756121995929,0.0007,1,25.0,75.0,20.0
101,500,1,0.002,0.9,0.1,3,[50],[50],0.0973,813,53.986841535553424,0.0007,1,25.0,75.0,20.0
101,500,1,0.002,0.9,0.1,3,[50],[50],0.0986,811,53.644226665750004,0.0006,1,25.0,50.0,10.0
101,500,1,0.002,1,0.1,3,[50],[50],0.0984,825,53.551975151110575,0.0009,1,25.0,100.0,29.154759474226502
101,500,1,0.002,1,0.1,3,[50],[50],0.0995,820,53.21847054323001,0.0006,1,25.0,50.0,10.0
101,500,1,0.002,1,0.1,3,[50],[50],0.1008,834,52.920987485411985,0.0009,1,25.0,125.0,40.0
101,500,1,0.04,0.3,0.1,3,[50],[50],0.0951,801,54.6274370895546,0.0111,1,25.0,75.0,8.821054297626466
101,500,1,0.04,0.3,0.1,3,[50],[50],0.1015,832,52.61614057960313,0.0114,1,25.0,75.0,9.82344135219425
101,500,1,0.04,0.3,0.1,3,[50],[50],0.1008,797,52.73885862035841,0.011,1,25.0,75.0,8.860022573334675
101,500,1,0.04,0.4,0.1,3,[50],[50],0.1026,833,52.28196619320848,0.0119,1,25.0,100.0,11.989779224151969
101,500,1,0.04,0.4,0.1,3,[50],[50],0.1007,807,52.90781972260137,0.0121,1,25.0,100.0,12.975586556515998
101,500,1,0.04,0.4,0.1,3,[50],[50],0.0968,796,54.18484036238982,0.0119,1,25.0,100.0,13.63409837021823
101,500,1,0.04,0.5,0.1,3,[50],[50],0.1015,813,52.665044603015154,0.0116,1,25.0,50.0,9.604686356149273
101,500,1,0.04,0.5,0.1,3,[50],[50],0.0944,777,54.86731129702726,0.0125,1,25.0,75.0,13.877405721246554
101,500,1,0.04,0.5,0.1,3,[50],[50],0.0955,764,54.496562284780794,0.0119,1,25.0,75.0,11.678342685233115
101,500,1,0.04,0.6,0.1,3,[50],[50],0.0956,784,54.57769205263826,0.0118,1,25.0,75.0,11.295802570395011
101,500,1,0.04,0.6,0.1,3,[50],[50],0.095,775,54.76391596317383,0.0132,1,25.0,125.0,20.116846174288852
101,500,1,0.04,0.6,0.1,3,[50],[50],0.0943,791,54.83540517585646,0.0126,1,25.0,100.0,17.111538837832818
101,500,1,0.04,0.7,0.1,3,[50],[50],0.0997,803,53.157407880216326,0.0128,1,25.0,100.0,17.284191384572534
101,500,1,0.04,0.7,0.1,3,[50],[50],0.1009,844,52.784480668888044,0.012,1,25.0,75.0,12.346498924098936
101,500,1,0.04,0.7,0.1,3,[50],[50],0.0978,781,53.80145295162166,0.0141,1,25.0,125.0,21.103618601794118
101,500,1,0.04,0.8,0.1,3,[50],[50],0.0981,810,53.668029812447756,0.0143,1,25.0,100.0,18.772757649364895
101,500,1,0.04,0.8,0.1,3,[50],[50],0.0969,807,54.12945284804385,0.0144,1,25.0,150.0,19.670549242385597
101,500,1,0.04,0.8,0.1,3,[50],[50],0.1,806,53.10284970302288,0.014,1,25.0,125.0,18.60970516934139
101,500,1,0.04,0.9,0.1,3,[50],[50],0.0995,820,53.28131908228937,0.0135,1,25.0,100.0,16.01467932635823
101,500,1,0.04,0.9,0.1,3,[50],[50],0.1031,844,52.08917734981178,0.0149,1,25.0,100.0,19.410774385513072
101,500,1,0.04,0.9,0.1,3,[50],[50],0.0991,822,53.39220563516327,0.0142,1,25.0,100.0,18.993121339273902
101,500,1,0.04,1,0.1,3,[50],[50],0.1017,821,52.593242018539414,0.016,1,25.0,150.0,23.28947311259661
101,500,1,0.04,1,0.1,3,[50],[50],0.0939,780,55.01238331961238,0.0154,1,25.0,125.0,24.422639124529468
101,500,1,0.04,1,0.1,3,[50],[50],0.101,835,52.78090825328441,0.0151,1,25.0,125.0,23.416805710776835
101,500,1,0.0004,0.3,0.2,3,[50],[50],0.1908,1215,29.692699041481497,0.0002,1,50.0,50.0,0.0
101,500,1,0.0004,0.3,0.2,3,[50],[50],0.1924,1216,29.302121424500307,0.0002,1,50.0,50.0,0.0
101,500,1,0.0004,0.3,0.2,3,[50],[50],0.1916,1246,29.545462438019975,0.0001,1,25.0,25.0,0.0
101,500,1,0.0004,0.4,0.2,3,[50],[50],0.1982,1250,28.16510833328397,0.0002,1,50.0,50.0,0.0
101,500,1,0.0004,0.4,0.2,3,[50],[50],0.1973,1238,28.410348736185142,0.0002,1,50.0,50.0,0.0
101,500,1,0.0004,0.4,0.2,3,[50],[50],0.1947,1202,28.87769864898423,0.0003,1,75.0,75.0,0.0
101,500,1,0.0004,0.5,0.2,3,[50],[50],0.198,1248,28.25016592150067,0.0001,1,25.0,25.0,0.0
101,500,1,0.0004,0.5,0.2,3,[50],[50],0.1937,1204,29.13120970970179,0.0006,1,150.0,150.0,0.0
101,500,1,0.0004,0.5,0.2,3,[50],[50],0.1946,1251,28.881044336038343,0.0001,1,25.0,25.0,0.0
101,500,1,0.0004,0.6,0.2,3,[50],[50],0.2002,1196,27.751876047537515,0.0001,1,25.0,25.0,0.0
101,500,1,0.0004,0.6,0.2,3,[50],[50],0.1973,1239,28.42557698245186,0.0001,1,25.0,25.0,0.0
101,500,1,0.0004,0.6,0.2,3,[50],[50],0.193,1233,29.159046929928735,0.0002,1,50.0,50.0,0.0
101,500,1,0.0004,0.7,0.2,3,[50],[50],0.189,1213,30.10278428250167,0.0002,1,50.0,50.0,0.0
101,500,1,0.0004,0.7,0.2,3,[50],[50],0.197,1227,28.340883686183826,0.0001,1,25.0,25.0,0.0
101,500,1,0.0004,0.7,0.2,3,[50],[50],0.1971,1224,28.34068379576894,0.0002,1,50.0,50.0,0.0
101,500,1,0.0004,0.8,0.2,3,[50],[50],0.1973,1243,28.290021338944015,0.0004,1,100.0,100.0,0.0
101,500,1,0.0004,0.8,0.2,3,[50],[50],0.1976,1210,28.255189827888373,0.0003,1,75.0,75.0,0.0
101,500,1,0.0004,0.8,0.2,3,[50],[50],0.1903,1197,29.803392744675694,0.0001,1,25.0,25.0,0.0
101,500,1,0.0004,0.9,0.2,3,[50],[50],0.1987,1249,28.07048854817491,0.0001,1,25.0,25.0,0.0
101,500,1,0.0004,0.9,0.2,3,[50],[50],0.1959,1222,28.63730579985796,0.0006,1,150.0,150.0,0.0
101,500,1,0.0004,0.9,0.2,3,[50],[50],0.1971,1233,28.385775817356006,0.0001,1,25.0,25.0,0.0
101,500,1,0.0004,1,0.2,3,[50],[50],0.2017,1272,27.522056831176222,0.0001,1,25.0,25.0,0.0
101,500,1,0.0004,1,0.2,3,[50],[50],0.2007,1240,27.70916792765863,0.0002,1,50.0,50.0,0.0
101,500,1,0.0004,1,0.2,3,[50],[50],0.1911,1179,29.58751616163815,0.0007,1,175.0,175.0,0.0
101,500,1,0.002,0.3,0.2,3,[50],[50],0.1928,1238,29.30722148576369,0.0006,1,25.0,50.0,10.0
101,500,1,0.002,0.3,0.2,3,[50],[50],0.1947,1221,28.9055170899014,0.0007,1,25.0,75.0,20.0
101,500,1,0.002,0.3,0.2,3,[50],[50],0.1945,1237,28.93514413077557,0.0009,1,25.0,75.0,24.49489742783178
101,500,1,0.002,0.4,0.2,3,[50],[50],0.1919,1246,29.477741385130685,0.0008,1,25.0,75.0,20.0
101,500,1,0.002,0.4,0.2,3,[50],[50],0.1957,1199,28.62564507475829,0.0008,1,25.0,75.0,20.0
101,500,1,0.002,0.4,0.2,3,[50],[50],0.2005,1239,27.723261423923994,0.0009,1,25.0,75.0,24.49489742783178
101,500,1,0.002,0.5,0.2,3,[50],[50],0.1946,1213,28.896406130289243,0.0009,1,25.0,100.0,29.154759474226502
101,500,1,0.002,0.5,0.2,3,[50],[50],0.2009,1244,27.639227455738336,0.0007,1,25.0,50.0,12.24744871391589
101,500,1,0.002,0.5,0.2,3,[50],[50],0.198,1264,28.24631948518309,0.0005,1,25.0,25.0,0.0
101,500,1,0.002,0.6,0.2,3,[50],[50],0.1996,1270,27.87333986289251,0.0008,1,50.0,50.0,12.24744871391589
101,500,1,0.002,0.6,0.2,3,[50],[50],0.2005,1222,27.706590808893615,0.0005,1,25.0,25.0,0.0
101,500,1,0.002,0.6,0.2,3,[50],[50],0.1961,1252,28.61223308028624,0.0007,1,25.0,50.0,12.24744871391589
101,500,1,0.002,0.7,0.2,3,[50],[50],0.1968,1235,28.400701348153945,0.0005,1,25.0,25.0,0.0
101,500,1,0.002,0.7,0.2,3,[50],[50],0.1976,1230,28.275098550937315,0.0008,1,50.0,50.0,12.24744871391589
101,500,1,0.002,0.7,0.2,3,[50],[50],0.2023,1242,27.39363982271542,0.0008,1,25.0,75.0,20.0
101,500,1,0.002,0.8,0.2,3,[50],[50],0.1967,1236,28.46059171866695,0.0014,1,50.0,200.0,65.95452979136459
101,500,1,0.002,0.8,0.2,3,[50],[50],0.1948,1237,28.93517556359846,0.0009,1,25.0,100.0,29.154759474226502
101,500,1,0.002,0.8,0.2,3,[50],[50],0.1986,1260,28.08562452129636,0.0009,1,50.0,75.0,18.708286933869708
101,500,1,0.002,0.9,0.2,3,[50],[50],0.195,1191,28.853395853724695,0.0015,1,50.0,150.0,44.721359549995796
101,500,1,0.002,0.9,0.2,3,[50],[50],0.195,1248,28.819354545011944,0.0025,1,100.0,175.0,31.622776601683793
101,500,1,0.002,0.9,0.2,3,[50],[50],0.1939,1251,29.149157500183897,0.0007,1,25.0,75.0,20.0
101,500,1,0.002,1,0.2,3,[50],[50],0.2029,1282,27.205458273913052,0.0016,1,50.0,125.0,36.742346141747674
101,500,1,0.002,1,0.2,3,[50],[50],0.203,1269,27.18849803455161,0.0016,1,75.0,150.0,43.01162633521314
101,500,1,0.002,1,0.2,3,[50],[50],0.1998,1240,27.8671666551908,0.0016,1,75.0,150.0,40.0
101,500,1,0.04,0.3,0.2,3,[50],[50],0.1967,1214,28.47821269089942,0.0127,1,25.0,225.0,23.318447632722037
101,500,1,0.04,0.3,0.2,3,[50],[50],0.1921,1244,29.42067043231653,0.0124,1,25.0,100.0,15.014099276457891
101,500,1,0.04,0.3,0.2,3,[50],[50],0.2021,1254,27.359013532941745,0.0126,1,25.0,150.0,18.069077619351816
101,500,1,0.04,0.4,0.2,3,[50],[50],0.1999,1224,27.823958238857905,0.0135,1,25.0,75.0,14.810173565991677
101,500,1,0.04,0.4,0.2,3,[50],[50],0.1957,1178,28.74677538697501,0.0144,1,25.0,175.0,24.355440870573457
101,500,1,0.04,0.4,0.2,3,[50],[50],0.198,1236,28.155081621795965,0.0139,1,25.0,100.0,16.189708342344385
101,500,1,0.04,0.5,0.2,3,[50],[50],0.1927,1250,29.257736326796312,0.0151,1,25.0,150.0,23.82750511488771
101,500,1,0.04,0.5,0.2,3,[50],[50],0.1883,1251,30.14286933501137,0.0143,1,25.0,100.0,17.681067447913172
101,500,1,0.04,0.5,0.2,3,[50],[50],0.2014,1220,27.563014695364487,0.015,2,25.0,125.0,20.396400073715512
101,500,1,0.04,0.6,0.2,3,[50],[50],0.1887,1216,30.0656454999473,0.0171,1,25.0,150.0,27.99957365541868
101,500,1,0.04,0.6,0.2,3,[50],[50],0.1955,1236,28.661850284445133,0.0156,1,25.0,150.0,25.330687117121954
101,500,1,0.04,0.6,0.2,3,[50],[50],0.1899,1221,29.852856281648123,0.0153,1,25.0,175.0,24.68077622583158
101,500,1,0.04,0.7,0.2,3,[50],[50],0.1937,1210,29.161453699838013,0.0179,1,25.0,125.0,28.296884418961557
101,500,1,0.04,0.7,0.2,3,[50],[50],0.1941,1193,29.088905722187675,0.0176,1,25.0,200.0,30.618621784789728
101,500,1,0.04,0.7,0.2,3,[50],[50],0.1977,1256,28.345632839261704,0.0177,1,25.0,200.0,33.717559051463674
101,500,1,0.04,0.8,0.2,3,[50],[50],0.2042,1206,27.01654894484341,0.021,1,50.0,200.0,34.340881576286385
101,500,1,0.04,0.8,0.2,3,[50],[50],0.1964,1230,28.591621842910886,0.0177,1,25.0,150.0,26.639123968287134
101,500,1,0.04,0.8,0.2,3,[50],[50],0.1925,1182,29.28010005198822,0.02,1,25.0,225.0,40.97464543626279
101,500,1,0.04,0.9,0.2,3,[50],[50],0.1958,1240,28.7174712939945,0.0216,1,50.0,350.0,48.3483451213253
101,500,1,0.04,0.9,0.2,3,[50],[50],0.1931,1231,29.266453518972092,0.0252,1,50.0,325.0,50.06490248994121
101,500,1,0.04,0.9,0.2,3,[50],[50],0.1938,1213,29.068162398721654,0.0243,1,50.0,250.0,47.68023133147683
101,500,1,0.04,1,0.2,3,[50],[50],0.2036,1243,27.115557289754722,0.0274,2,50.0,325.0,57.19403577119734
101,500,1,0.04,1,0.2,3,[50],[50],0.195,1218,28.775061688074523,0.0221,1,50.0,150.0,32.71576853685886
101,500,1,0.04,1,0.2,3,[50],[50],0.1981,1253,28.195265922248367,0.0245,1,50.0,200.0,39.392981574244004
101,500,1,0.0004,0.3,0.3,3,[50],[50],0.2963,1312,12.322436551359628,0.0003,1,75.0,75.0,0.0
101,500,1,0.0004,0.3,0.3,3,[50],[50],0.2875,1328,13.482665443520114,0.0001,1,25.0,25.0,0.0
101,500,1,0.0004,0.3,0.3,3,[50],[50],0.2934,1313,12.713590456294831,0.0002,1,50.0,50.0,0.0
101,500,1,0.0004,0.4,0.3,3,[50],[50],0.2952,1350,12.503018963506573,0.0001,1,25.0,25.0,0.0
101,500,1,0.0004,0.4,0.3,3,[50],[50],0.2997,1345,11.944437804525265,0.0002,1,50.0,50.0,0.0
101,500,1,0.0004,0.4,0.3,3,[50],[50],0.294,1321,12.618684206618358,0.0001,1,25.0,25.0,0.0
101,500,1,0.0004,0.5,0.3,3,[50],[50],0.2983,1318,12.068472830714484,0.0001,1,25.0,25.0,0.0
101,500,1,0.0004,0.5,0.3,3,[50],[50],0.2979,1286,12.136357413298104,0.0002,1,50.0,50.0,0.0
101,500,1,0.0004,0.5,0.3,3,[50],[50],0.2975,1267,12.19776134568592,0.0003,1,75.0,75.0,0.0
101,500,1,0.0004,0.6,0.3,3,[50],[50],0.2886,1320,13.343082244031024,0.0001,1,25.0,25.0,0.0
101,500,1,0.0004,0.6,0.3,3,[50],[50],0.2893,1307,13.191508658471385,0.0001,1,25.0,25.0,0.0
101,500,1,0.0004,0.6,0.3,3,[50],[50],0.2983,1279,12.053992591282503,0.0001,1,25.0,25.0,0.0
101,500,1,0.0004,0.7,0.3,3,[50],[50],0.2933,1285,12.689623831867781,0.0001,1,25.0,25.0,0.0
101,500,1,0.0004,0.7,0.3,3,[50],[50],0.2976,1294,12.150787341262603,0.0003,1,75.0,75.0,0.0
101,500,1,0.0004,0.7,0.3,3,[50],[50],0.2957,1297,12.407962873534451,0.0001,1,25.0,25.0,0.0
101,500,1,0.0004,0.8,0.3,3,[50],[50],0.2942,1287,12.582974549579895,0.0001,1,25.0,25.0,0.0
101,500,1,0.0004,0.8,0.3,3,[50],[50],0.2989,1284,12.014043228887383,0.0003,1,75.0,75.0,0.0
101,500,1,0.0004,0.8,0.3,3,[50],[50],0.2931,1338,12.76306906555249,0.0003,1,75.0,75.0,0.0
101,500,1,0.0004,0.9,0.3,3,[50],[50],0.2958,1294,12.386917432766309,0.0017,1,425.0,425.0,0.0
101,500,1,0.0004,0.9,0.3,3,[50],[50],0.2917,1337,12.92100528062291,0.0004,1,100.0,100.0,0.0
101,500,1,0.0004,0.9,0.3,3,[50],[50],0.2888,1278,13.342936713559473,0.0001,1,25.0,25.0,0.0
101,500,1,0.0004,1,0.3,3,[50],[50],0.2903,1283,13.092486442591955,0.0008,1,200.0,200.0,0.0
101,500,1,0.0004,1,0.3,3,[50],[50],0.2867,1308,13.564427675895441,0.0004,1,100.0,100.0,0.0
101,500,1,0.0004,1,0.3,3,[50],[50],0.3094,1241,10.762703762667547,0.0007,1,175.0,175.0,0.0
101,500,1,0.002,0.3,0.3,3,[50],[50],0.293,1333,12.728399013884772,0.0008,1,25.0,75.0,20.0
101,500,1,0.002,0.3,0.3,3,[50],[50],0.2934,1289,12.672873968286336,0.0009,1,50.0,75.0,18.708286933869708
101,500,1,0.002,0.3,0.3,3,[50],[50],0.2948,1329,12.556160098391878,0.0009,1,50.0,50.0,10.0
101,500,1,0.002,0.4,0.3,3,[50],[50],0.295,1283,12.50891916847905,0.0006,1,25.0,50.0,10.0
101,500,1,0.002,0.4,0.3,3,[50],[50],0.2989,1300,12.052718225079662,0.0008,1,25.0,100.0,30.0
101,500,1,0.002,0.4,0.3,3,[50],[50],0.2928,1312,12.742221917074946,0.0015,1,75.0,150.0,41.83300132670378
101,500,1,0.002,0.5,0.3,3,[50],[50],0.2953,1300,12.438977876450219,0.0009,1,25.0,100.0,29.154759474226502
101,500,1,0.002,0.5,0.3,3,[50],[50],0.2968,1297,12.206379451639782,0.0021,1,75.0,250.0,74.83314773547883
101,500,1,0.002,0.5,0.3,3,[50],[50],0.2933,1314,12.723594400747473,0.0006,1,25.0,50.0,10.0
101,500,1,0.002,0.6,0.3,3,[50],[50],0.2926,1305,12.839227554639375,0.0013,1,50.0,175.0,56.124860801609124
101,500,1,0.002,0.6,0.3,3,[50],[50],0.2866,1327,13.629179571127048,0.0009,1,50.0,75.0,18.708286933869708
101,500,1,0.002,0.6,0.3,3,[50],[50],0.2958,1360,12.359777638010094,0.0016,1,100.0,125.0,36.742346141747674
101,500,1,0.002,0.7,0.3,3,[50],[50],0.2961,1301,12.34762608322626,0.002,1,50.0,225.0,83.66600265340756
101,500,1,0.002,0.7,0.3,3,[50],[50],0.2975,1295,12.174289640365476,0.0012,1,25.0,150.0,48.98979485566356
101,500,1,0.002,0.7,0.3,3,[50],[50],0.289,1336,13.211643127824379,0.0024,1,100.0,250.0,76.48529270389177
101,500,1,0.002,0.8,0.3,3,[50],[50],0.2967,1280,12.291070549286598,0.0029,1,50.0,475.0,171.75564037317667
101,500,1,0.002,0.8,0.3,3,[50],[50],0.296,1313,12.311116443475523,0.001,1,50.0,100.0,27.386127875258307
101,500,1,0.002,0.8,0.3,3,[50],[50],0.2946,1320,12.53781015091927,0.0018,1,75.0,175.0,43.58898943540674
101,500,1,0.002,0.9,0.3,3,[50],[50],0.2964,1342,12.315878398377189,0.0025,1,100.0,350.0,115.54220008291342
101,500,1,0.002,0.9,0.3,3,[50],[50],0.3032,1317,11.472272298038611,0.0009,1,50.0,75.0,18.708286933869708
101,500,1,0.002,0.9,0.3,3,[50],[50],0.2924,1270,12.842876574579154,0.0019,1,125.0,150.0,57.879184513951124
101,500,1,0.002,1,0.3,3,[50],[50],0.295,1365,12.472224806457143,0.0033,3,100.0,525.0,182.61982367749675
101,500,1,0.002,1,0.3,3,[50],[50],0.2857,1282,13.710372725096887,0.0048,3,200.0,525.0,152.80706789936124
101,500,1,0.002,1,0.3,3,[50],[50],0.2923,1317,12.810292047409245,0.0025,1,100.0,325.0,106.53637876331258
101,500,1,0.04,0.3,0.3,3,[50],[50],0.2901,1312,13.13500409155398,0.015,1,25.0,125.0,22.82805935351419
101,500,1,0.04,0.3,0.3,3,[50],[50],0.29,1347,13.072808735305564,0.0135,1,25.0,175.0,22.59160514079003
101,500,1,0.04,0.3,0.3,3,[50],[50],0.2958,1275,12.410206211116448,0.0138,1,25.0,125.0,17.074890408461584
101,500,1,0.04,0.4,0.3,3,[50],[50],0.2963,1292,12.332103947432415,0.0162,1,25.0,125.0,24.51593060680907
101,500,1,0.04,0.4,0.3,3,[50],[50],0.2987,1327,12.022773810938304,0.0175,1,25.0,250.0,34.37756666171896
101,500,1,0.04,0.4,0.3,3,[50],[50],0.2934,1268,12.688258224562688,0.0174,1,25.0,150.0,29.954672128746317
101,500,1,0.04,0.5,0.3,3,[50],[50],0.2947,1312,12.562972952315166,0.021,1,25.0,400.0,49.91169537849158
101,500,1,0.04,0.5,0.3,3,[50],[50],0.2882,1363,13.383584301019692,0.017,1,25.0,150.0,30.431126563639605
101,500,1,0.04,0.5,0.3,3,[50],[50],0.2911,1272,12.97473354550922,0.0194,1,25.0,175.0,35.32474161607151
101,500,1,0.04,0.6,0.3,3,[50],[50],0.2849,1320,13.818933751750128,0.0221,1,50.0,225.0,41.1050302007592
101,500,1,0.04,0.6,0.3,3,[50],[50],0.3,1319,11.837696765468841,0.0233,1,50.0,300.0,56.582069706267355
101,500,1,0.04,0.6,0.3,3,[50],[50],0.2903,1302,13.075123210111329,0.0219,1,37.5,300.0,43.26310185729283
101,500,1,0.04,0.7,0.3,3,[50],[50],0.2945,1309,12.562461071223064,0.0254,1,50.0,250.0,54.094246459304706
101,500,1,0.04,0.7,0.3,3,[50],[50],0.2922,1288,12.838392112895203,0.0304,2,50.0,375.0,68.05328794408099
101,500,1,0.04,0.7,0.3,3,[50],[50],0.2923,1303,12.812951402264328,0.024,2,25.0,250.0,53.22235545800194
101,500,1,0.04,0.8,0.3,3,[50],[50],0.294,1290,12.612910482162409,0.0364,1,75.0,600.0,83.18795552427432
101,500,1,0.04,0.8,0.3,3,[50],[50],0.2992,1336,11.980638425592238,0.0335,2,50.0,475.0,77.5470472440557
101,500,1,0.04,0.8,0.3,3,[50],[50],0.2946,1327,12.540557174847166,0.0326,3,50.0,425.0,76.3311619261212
101,500,1,0.04,0.9,0.3,3,[50],[50],0.2991,1319,11.961921782264328,0.0355,2,62.5,450.0,79.74804072828373
101,500,1,0.04,0.9,0.3,3,[50],[50],0.2936,1303,12.676800286941848,0.0366,2,75.0,350.0,72.16100108398848
101,500,1,0.04,0.9,0.3,3,[50],[50],0.2965,1280,12.30640783760155,0.0372,3,75.0,400.0,75.43805494949899
101,500,1,0.04,1,0.3,3,[50],[50],0.2904,1339,13.067224594827476,0.0394,5,75.0,475.0,93.00429105453114
101,500,1,0.04,1,0.3,3,[50],[50],0.2968,1281,12.257880022590262,0.0525,10,75.0,750.0,144.36669823809495
101,500,1,0.04,1,0.3,3,[50],[50],0.2947,1297,12.521802544846128,0.0482,3,100.0,575.0,100.08646780690326
101,500,1,0.0004,0.3,0.4,3,[50],[50],0.4,1113,2.9195918177483793,0.0001,1,25.0,25.0,0.0
101,500,1,0.0004,0.3,0.4,3,[50],[50],0.3918,1148,3.4060434561321906,0.0003,1,75.0,75.0,0.0
101,500,1,0.0004,0.3,0.4,3,[50],[50],0.3935,1129,3.318669570392274,0.0001,1,25.0,25.0,0.0
101,500,1,0.0004,0.4,0.4,3,[50],[50],0.3939,1077,3.2799918952582607,0.0007,1,175.0,175.0,0.0
101,500,1,0.0004,0.4,0.4,3,[50],[50],0.3954,1079,3.1943971995594844,0.0001,1,25.0,25.0,0.0
101,500,1,0.0004,0.4,0.4,3,[50],[50],0.3895,1147,3.5586757694056503,0.0001,1,25.0,25.0,0.0
101,500,1,0.0004,0.5,0.4,3,[50],[50],0.3907,1111,3.4662648815429575,0.0001,1,25.0,25.0,0.0
101,500,1,0.0004,0.5,0.4,3,[50],[50],0.3888,1085,3.6339300736949354,0.0005,1,125.0,125.0,0.0
101,500,1,0.0004,0.5,0.4,3,[50],[50],0.3926,1107,3.352822587550075,0.0003,1,75.0,75.0,0.0
101,500,1,0.0004,0.6,0.4,3,[50],[50],0.3968,1094,3.1116673082964064,0.0005,1,125.0,125.0,0.0
101,500,1,0.0004,0.6,0.4,3,[50],[50],0.3923,1106,3.3890082621539697,0.0003,1,75.0,75.0,0.0
101,500,1,0.0004,0.6,0.4,3,[50],[50],0.3955,1057,3.176131371819102,0.0001,1,25.0,25.0,0.0
101,500,1,0.0004,0.7,0.4,3,[50],[50],0.3934,1096,3.3102140918696232,0.0013,1,325.0,325.0,0.0
101,500,1,0.0004,0.7,0.4,3,[50],[50],0.3983,1073,3.009056468251181,0.0003,1,75.0,75.0,0.0
101,500,1,0.0004,0.7,0.4,3,[50],[50],0.3915,1121,3.4220507744149864,0.0011,1,275.0,275.0,0.0
101,500,1,0.0004,0.8,0.4,3,[50],[50],0.3861,1127,3.8077301990838808,0.0004,1,100.0,100.0,0.0
101,500,1,0.0004,0.8,0.4,3,[50],[50],0.3946,1127,3.2295543839360175,0.0004,1,100.0,100.0,0.0
101,500,1,0.0004,0.8,0.4,3,[50],[50],0.3991,1171,2.9753751841746445,0.0008,1,200.0,200.0,0.0
101,500,1,0.0004,0.9,0.4,3,[50],[50],0.3905,1123,3.488291563893653,0.0001,1,25.0,25.0,0.0
101,500,1,0.0004,0.9,0.4,3,[50],[50],0.3924,1148,3.3850920692144792,0.0001,1,25.0,25.0,0.0
101,500,1,0.0004,0.9,0.4,3,[50],[50],0.3973,1088,3.03903784783508,0.001,1,250.0,250.0,0.0
101,500,1,0.0004,1,0.4,3,[50],[50],0.3895,1098,3.5532972088253456,0.0017,2,425.0,425.0,0.0
101,500,1,0.0004,1,0.4,3,[50],[50],0.3951,1093,3.18990561705903,0.0003,1,75.0,75.0,0.0
101,500,1,0.0004,1,0.4,3,[50],[50],0.3971,1118,3.0684443407906214,0.0002,1,50.0,50.0,0.0
101,500,1,0.002,0.3,0.4,3,[50],[50],0.3909,1132,3.4571993112956,0.0006,1,25.0,50.0,10.0
101,500,1,0.002,0.3,0.4,3,[50],[50],0.3944,1136,3.280279913701356,0.0007,1,25.0,50.0,12.24744871391589
101,500,1,0.002,0.3,0.4,3,[50],[50],0.3991,1110,2.9764720923168952,0.0013,1,50.0,125.0,30.0
101,500,1,0.002,0.4,0.4,3,[50],[50],0.3968,1117,3.0882923780853,0.0008,1,25.0,75.0,20.0
101,500,1,0.002,0.4,0.4,3,[50],[50],0.3998,1098,2.9262534313708954,0.0008,1,50.0,50.0,12.24744871391589
101,500,1,0.002,0.4,0.4,3,[50],[50],0.3907,1101,3.453473763467363,0.0006,1,25.0,50.0,10.0
101,500,1,0.002,0.5,0.4,3,[50],[50],0.3902,1153,3.5249725838875423,0.0017,1,100.0,125.0,33.91164991562634
101,500,1,0.002,0.5,0.4,3,[50],[50],0.3883,1133,3.637799466602798,0.0009,1,25.0,100.0,29.154759474226502
101,500,1,0.002,0.5,0.4,3,[50],[50],0.3995,1095,2.925531483766175,0.0018,1,50.0,200.0,64.42049363362563
101,500,1,0.002,0.6,0.4,3,[50],[50],0.3882,1110,3.6512082956499325,0.0015,1,25.0,175.0,63.245553203367585
101,500,1,0.002,0.6,0.4,3,[50],[50],0.3896,1142,3.5317037750657754,0.0018,1,75.0,200.0,58.309518948453004
101,500,1,0.002,0.6,0.4,3,[50],[50],0.402,1066,2.7878729117424172,0.0013,1,50.0,100.0,30.0
101,500,1,0.002,0.7,0.4,3,[50],[50],0.3904,1137,3.5220213109755205,0.0012,1,50.0,75.0,12.24744871391589
101,500,1,0.002,0.7,0.4,3,[50],[50],0.396,1134,3.134159722830965,0.0014,1,50.0,175.0,55.67764362830022
101,500,1,0.002,0.7,0.4,3,[50],[50],0.3891,1063,3.5608923600359943,0.0014,1,25.0,150.0,55.67764362830022
101,500,1,0.002,0.8,0.4,3,[50],[50],0.3954,1096,3.18022313426114,0.0019,1,100.0,200.0,60.0
101,500,1,0.002,0.8,0.4,3,[50],[50],0.4011,1098,2.8261186484918044,0.0011,1,50.0,125.0,36.742346141747674
101,500,1,0.002,0.8,0.4,3,[50],[50],0.3922,1134,3.403106064094741,0.0019,1,75.0,175.0,57.879184513951124
101,500,1,0.002,0.9,0.4,3,[50],[50],0.3882,1185,3.6613001422102,0.0038,2,100.0,575.0,194.5507645834372
101,500,1,0.002,0.9,0.4,3,[50],[50],0.3949,1120,3.2186709086327925,0.0038,3,150.0,400.0,136.38181696985856
101,500,1,0.002,0.9,0.4,3,[50],[50],0.3942,1053,3.3037065650703523,0.002,1,50.0,250.0,88.03408430829505
101,500,1,0.002,1,0.4,3,[50],[50],0.3852,1121,3.8651970000821323,0.0038,2,175.0,325.0,81.24038404635961
101,500,1,0.002,1,0.4,3,[50],[50],0.3919,1118,3.4013154774742316,0.0047,1,225.0,550.0,173.63755354185338
101,500,1,0.002,1,0.4,3,[50],[50],0.3897,1133,3.545309878430103,0.0058,1,200.0,600.0,180.55470085267788
101,500,1,0.04,0.3,0.4,3,[50],[50],0.3931,1093,3.3285327917266683,0.019,1,37.5,175.0,34.80624061389906
101,500,1,0.04,0.3,0.4,3,[50],[50],0.4026,1114,2.737344978208822,0.0178,1,25.0,175.0,32.47691487810996
101,500,1,0.04,0.3,0.4,3,[50],[50],0.3927,1129,3.3366480679142385,0.0163,1,25.0,200.0,29.415132160165456
101,500,1,0.04,0.4,0.4,3,[50],[50],0.3963,1083,3.1323008582607392,0.0213,1,50.0,225.0,39.77598286452229
101,500,1,0.04,0.4,0.4,3,[50],[50],0.406,1091,2.590312313473375,0.0194,1,25.0,275.0,41.95168379728921
101,500,1,0.04,0.4,0.4,3,[50],[50],0.3942,1090,3.2474993979497047,0.0208,1,50.0,275.0,46.436118533684954
101,500,1,0.04,0.5,0.4,3,[50],[50],0.3957,1105,3.1575482653438014,0.0264,1,50.0,300.0,58.17277491182
101,500,1,0.04,0.5,0.4,3,[50],[50],0.3921,1123,3.412284532689658,0.0238,2,50.0,275.0,49.86975752819454
101,500,1,0.04,0.5,0.4,3,[50],[50],0.3881,1078,3.6400590004440403,0.0301,1,50.0,325.0,67.41550767357424
101,500,1,0.04,0.6,0.4,3,[50],[50],0.3919,1114,3.402711915872836,0.0315,2,50.0,425.0,78.48725570103228
101,500,1,0.04,0.6,0.4,3,[50],[50],0.3898,1137,3.5216822189622077,0.0312,2,50.0,375.0,68.83525267636695
101,500,1,0.04,0.6,0.4,3,[50],[50],0.3928,1112,3.3532646900688468,0.0347,2,50.0,450.0,87.71448212908008
101,500,1,0.04,0.7,0.4,3,[50],[50],0.388,1112,3.6534620699852804,0.0453,5,75.0,850.0,128.83031475549535
101,500,1,0.04,0.7,0.4,3,[50],[50],0.3925,1123,3.3589192303966953,0.0466,2,75.0,600.0,132.9776738595852
101,500,1,0.04,0.7,0.4,3,[50],[50],0.3935,1068,3.2894428099385475,0.0426,2,75.0,475.0,97.09205121856905
101,500,1,0.04,0.8,0.4,3,[50],[50],0.3926,1137,3.376222353147229,0.0588,7,125.0,650.0,141.05259066508964
101,500,1,0.04,0.8,0.4,3,[50],[50],0.3847,1157,3.8706892408620353,0.0489,5,75.0,550.0,122.89410047671133
101,500,1,0.04,0.8,0.4,3,[50],[50],0.3919,1120,3.392841913876077,0.0518,7,75.0,850.0,156.35049643056587
101,500,1,0.04,0.9,0.4,3,[50],[50],0.392,1122,3.367330886234321,0.0716,13,100.0,1375.0,217.9879583830263
101,500,1,0.04,0.9,0.4,3,[50],[50],0.393,1149,3.3250127285904374,0.0777,13,112.5,975.0,213.72455988959248
101,500,1,0.04,0.9,0.4,3,[50],[50],0.4032,1076,2.735750012269189,0.0732,13,125.0,1050.0,206.381170410481
101,500,1,0.04,1,0.4,3,[50],[50],0.3918,1111,3.3889461675632337,0.1127,33,200.0,1100.0,266.86168258421833
101,500,1,0.04,1,0.4,3,[50],[50],0.3967,1078,3.119476512581054,0.0814,21,125.0,1050.0,211.61259969363005
101,500,1,0.04,1,0.4,3,[50],[50],0.3866,1095,3.7430929957825154,0.081,17,125.0,925.0,189.60452275211802
101,500,1,0.0004,0.3,0.5,3,[50],[50],0.4866,738,0.06688397122571743,0.0001,1,25.0,25.0,0.0
101,500,1,0.0004,0.3,0.5,3,[50],[50],0.4911,741,0.023604182961578513,0.0002,1,50.0,50.0,0.0
101,500,1,0.0004,0.3,0.5,3,[50],[50],0.4962,707,0.004541570910321369,0.0003,1,75.0,75.0,0.0
101,500,1,0.0004,0.4,0.5,3,[50],[50],0.4897,816,0.040931012254807886,0.0006,1,150.0,150.0,0.0
101,500,1,0.0004,0.4,0.5,3,[50],[50],0.4922,735,0.018619072642822587,0.0002,1,50.0,50.0,0.0
101,500,1,0.0004,0.4,0.5,3,[50],[50],0.4914,687,0.0396202948393376,0.0003,1,75.0,75.0,0.0
101,500,1,0.0004,0.5,0.5,3,[50],[50],0.4882,745,0.04400922428938747,0.0003,1,75.0,75.0,0.0
101,500,1,0.0004,0.5,0.5,3,[50],[50],0.4943,674,0.02651525829623358,0.0003,1,75.0,75.0,0.0
101,500,1,0.0004,0.5,0.5,3,[50],[50],0.4831,777,0.08501784524487244,0.0003,1,75.0,75.0,0.0
101,500,1,0.0004,0.6,0.5,3,[50],[50],0.4924,722,0.01789367981307466,0.0006,1,150.0,150.0,0.0
101,500,1,0.0004,0.6,0.5,3,[50],[50],0.4978,664,0.014385376439174369,0.0007,1,175.0,175.0,0.0
101,500,1,0.0004,0.6,0.5,3,[50],[50],0.4835,791,0.07654945634016919,0.0002,1,50.0,50.0,0.0
101,500,1,0.0004,0.7,0.5,3,[50],[50],0.501,670,0.013434667699663283,0.0009,1,225.0,225.0,0.0
101,500,1,0.0004,0.7,0.5,3,[50],[50],0.4885,766,0.038393148518478526,0.0003,1,75.0,75.0,0.0
101,500,1,0.0004,0.7,0.5,3,[50],[50],0.4908,735,0.03400532780846177,0.0009,2,225.0,225.0,0.0
101,500,1,0.0004,0.8,0.5,3,[50],[50],0.4937,701,0.0174088219818902,0.0024,1,600.0,600.0,0.0
101,500,1,0.0004,0.8,0.5,3,[50],[50],0.4936,735,0.01437625191211822,0.0017,1,425.0,425.0,0.0
101,500,1,0.0004,0.8,0.5,3,[50],[50],0.4914,747,0.0259415767131288,0.0002,1,50.0,50.0,0.0
101,500,1,0.0004,0.9,0.5,3,[50],[50],0.4838,765,0.07736138665195291,0.0002,1,50.0,50.0,0.0
101,500,1,0.0004,0.9,0.5,3,[50],[50],0.4908,735,0.02535023842179518,0.0004,1,100.0,100.0,0.0
101,500,1,0.0004,0.9,0.5,3,[50],[50],0.4903,773,0.030986102040253538,0.0006,1,150.0,150.0,0.0
101,500,1,0.0004,1,0.5,3,[50],[50],0.4924,730,0.019225181068849295,0.0001,1,25.0,25.0,0.0
101,500,1,0.0004,1,0.5,3,[50],[50],0.4913,730,0.025476745104302534,0.0117,10,2975.0,2975.0,0.0
101,500,1,0.0004,1,0.5,3,[50],[50],0.4869,771,0.050010156704727304,0.0062,8,1575.0,1575.0,0.0
101,500,1,0.002,0.3,0.5,3,[50],[50],0.4864,701,0.07332509254012187,0.001,1,50.0,75.0,22.360679774997898
101,500,1,0.002,0.3,0.5,3,[50],[50],0.4982,650,0.008414556052371847,0.0012,1,50.0,100.0,33.91164991562634
101,500,1,0.002,0.3,0.5,3,[50],[50],0.5,671,0.00561616997385439,0.0014,1,75.0,125.0,33.166247903554
101,500,1,0.002,0.4,0.5,3,[50],[50],0.4885,790,0.040075245433091045,0.0012,1,50.0,150.0,46.36809247747852
101,500,1,0.002,0.4,0.5,3,[50],[50],0.4886,750,0.04225755570447243,0.0016,1,50.0,250.0,85.73214099741124
101,500,1,0.002,0.4,0.5,3,[50],[50],0.4925,721,0.01707080661574878,0.0014,1,75.0,125.0,40.0
101,500,1,0.002,0.5,0.5,3,[50],[50],0.4908,738,0.03174893043114135,0.0014,1,75.0,100.0,29.154759474226502
101,500,1,0.002,0.5,0.5,3,[50],[50],0.4872,768,0.05041814424817659,0.003,1,150.0,350.0,111.13055385446434
101,500,1,0.002,0.5,0.5,3,[50],[50],0.4979,729,0.0015431610966731846,0.0022,1,50.0,325.0,110.22703842524301
101,500,1,0.002,0.6,0.5,3,[50],[50],0.4871,750,0.04697750592858041,0.0029,1,175.0,250.0,96.17692030835673
101,500,1,0.002,0.6,0.5,3,[50],[50],0.4956,697,0.010711639583371735,0.0027,1,100.0,250.0,93.00537618869137
101,500,1,0.002,0.6,0.5,3,[50],[50],0.4805,784,0.11580391779424382,0.004,1,150.0,450.0,151.98684153570665
101,500,1,0.002,0.7,0.5,3,[50],[50],0.4918,692,0.022917044381176588,0.0027,1,75.0,375.0,133.79088160259653
101,500,1,0.002,0.7,0.5,3,[50],[50],0.4852,739,0.06582752762610555,0.0024,1,150.0,200.0,60.0
101,500,1,0.002,0.7,0.5,3,[50],[50],0.49,708,0.03139901751290086,0.0023,1,125.0,250.0,84.55767262643882
101,500,1,0.002,0.8,0.5,3,[50],[50],0.496,707,0.0074455449750709946,0.0081,6,637.5,775.0,291.74850042459514
101,500,1,0.002,0.8,0.5,3,[50],[50],0.4913,688,0.0419339626158477,0.0087,4,300.0,1175.0,391.5992849840255
101,500,1,0.002,0.8,0.5,3,[50],[50],0.5035,671,0.013291218514055458,0.0104,4,525.0,1200.0,421.7226576791909
101,500,1,0.002,0.9,0.5,3,[50],[50],0.4914,751,0.02532572424950308,0.006,1,200.0,600.0,228.25424421026653
101,500,1,0.002,0.9,0.5,3,[50],[50],0.4978,741,0.0035073978987387733,0.0111,6,400.0,1375.0,418.50925915683155
101,500,1,0.002,0.9,0.5,3,[50],[50],0.4801,765,0.11602396098655543,0.0077,5,500.0,575.0,197.73719933285187
101,500,1,0.002,1,0.5,3,[50],[50],0.4955,694,0.01027892657807783,0.0154,12,450.0,1775.0,714.5977889694313
101,500,1,0.002,1,0.5,3,[50],[50],0.4818,760,0.1027525408879626,0.0076,2,325.0,825.0,304.7950130825634
101,500,1,0.002,1,0.5,3,[50],[50],0.4802,755,0.12106651796681689,0.0092,5,400.0,1300.0,470.47847984790974
101,500,1,0.04,0.3,0.5,3,[50],[50],0.4845,805,0.07405593297383772,0.02,1,50.0,200.0,36.8691850355622
101,500,1,0.04,0.3,0.5,3,[50],[50],0.4866,747,0.05677255233887957,0.0217,1,25.0,200.0,42.60509582105016
101,500,1,0.04,0.3,0.5,3,[50],[50],0.4939,730,0.0161979954042768,0.0216,1,50.0,225.0,43.01477328236325
101,500,1,0.04,0.4,0.5,3,[50],[50],0.4854,770,0.06627625802434478,0.022,2,50.0,225.0,38.58756276314948
101,500,1,0.04,0.4,0.5,3,[50],[50],0.4862,734,0.06573846791303462,0.0265,2,50.0,325.0,59.52940449895329
101,500,1,0.04,0.4,0.5,3,[50],[50],0.4949,728,0.01012271449829516,0.0224,1,50.0,200.0,41.33361617262483
101,500,1,0.04,0.5,0.5,3,[50],[50],0.5028,700,0.0017332082772880675,0.039,2,50.0,650.0,109.40494455774984
101,500,1,0.04,0.5,0.5,3,[50],[50],0.4968,725,0.006098358915740398,0.0318,1,50.0,425.0,80.01985883817366
101,500,1,0.04,0.5,0.5,3,[50],[50],0.4865,724,0.06399038173053873,0.0341,2,50.0,425.0,85.27584659500481
101,500,1,0.04,0.6,0.5,3,[50],[50],0.4847,741,0.07785304296006323,0.0465,6,50.0,900.0,145.23693265296072
101,500,1,0.04,0.6,0.5,3,[50],[50],0.4946,673,0.0222648281803961,0.0547,8,75.0,925.0,177.86164438387576
101,500,1,0.04,0.6,0.5,3,[50],[50],0.4913,740,0.022372217830679553,0.0543,4,100.0,825.0,146.3437118377822
101,500,1,0.04,0.7,0.5,3,[50],[50],0.4896,724,0.03187752495874552,0.091,15,175.0,1400.0,255.06584886577372
101,500,1,0.04,0.7,0.5,3,[50],[50],0.4897,727,0.03245494113285341,0.0722,11,100.0,1375.0,229.46933598597658
101,500,1,0.04,0.7,0.5,3,[50],[50],0.4913,677,0.02988942327128985,0.0815,12,150.0,1325.0,241.96236409813486
101,500,1,0.04,0.8,0.5,3,[50],[50],0.4939,716,0.013613960707892225,0.119,39,162.5,1875.0,385.77620784766174
101,500,1,0.04,0.8,0.5,3,[50],[50],0.4848,777,0.07301327083847342,0.108,41,175.0,3175.0,446.8097216216766
101,500,1,0.04,0.8,0.5,3,[50],[50],0.4854,724,0.06518349779011112,0.1127,43,175.0,1450.0,328.23432443778705
101,500,1,0.04,0.9,0.5,3,[50],[50],0.48,810,0.117855927217414,0.1481,60,175.0,2175.0,456.222215960249
101,500,1,0.04,0.9,0.5,3,[50],[50],0.4914,710,0.029583017593415306,0.1809,96,275.0,5775.0,867.979319798749
101,500,1,0.04,0.9,0.5,3,[50],[50],0.4914,699,0.030363818965639666,0.1895,95,225.0,3325.0,674.9138680845659
101,500,1,0.04,1,0.5,3,[50],[50],0.4903,720,0.0340883077517562,0.2692,158,412.5,4725.0,820.9473117430912
101,500,1,0.04,1,0.5,3,[50],[50],0.4911,689,0.03381703462994601,0.2552,182,325.0,4750.0,859.6320632791733
101,500,1,0.04,1,0.5,3,[50],[50],0.4909,725,0.029354054908647953,0.2475,161,350.0,4800.0,812.701229036733
101,500,1,0.0004,0.3,0.55,3,[50],[50],0.5366,530,0.38142627505862725,0.0001,1,25.0,25.0,0.0
101,500,1,0.0004,0.3,0.55,3,[50],[50],0.5421,500,0.5228422781799691,0.0002,1,50.0,50.0,0.0
101,500,1,0.0004,0.3,0.55,3,[50],[50],0.5462,456,0.6195129193853011,0.0001,1,25.0,25.0,0.0
101,500,1,0.0004,0.4,0.55,3,[50],[50],0.5396,511,0.4560554070801026,0.0002,1,50.0,50.0,0.0
101,500,1,0.0004,0.4,0.55,3,[50],[50],0.5454,454,0.6117563895673861,0.0004,1,100.0,100.0,0.0
101,500,1,0.0004,0.4,0.55,3,[50],[50],0.5391,482,0.46927998995890396,0.0002,1,50.0,50.0,0.0
101,500,1,0.0004,0.5,0.55,3,[50],[50],0.5426,532,0.5302070352330213,0.0007,1,175.0,175.0,0.0
101,500,1,0.0004,0.5,0.55,3,[50],[50],0.5426,528,0.5162076820921402,0.0001,1,25.0,25.0,0.0
101,500,1,0.0004,0.5,0.55,3,[50],[50],0.525,574,0.19385525444748364,0.0001,1,25.0,25.0,0.0
101,500,1,0.0004,0.6,0.55,3,[50],[50],0.5306,549,0.28991118917610637,0.0003,1,75.0,75.0,0.0
101,500,1,0.0004,0.6,0.55,3,[50],[50],0.5421,441,0.5215221790026647,0.0025,1,625.0,625.0,0.0
101,500,1,0.0004,0.6,0.55,3,[50],[50],0.5377,486,0.41445834347811905,0.0001,1,25.0,25.0,0.0
101,500,1,0.0004,0.7,0.55,3,[50],[50],0.5307,563,0.2781682204746838,0.0045,3,1150.0,1150.0,0.0
101,500,1,0.0004,0.7,0.55,3,[50],[50],0.5308,546,0.29064322059741965,0.0003,1,75.0,75.0,0.0
101,500,1,0.0004,0.7,0.55,3,[50],[50],0.5399,518,0.45786564473285774,0.0028,5,725.0,725.0,0.0
101,500,1,0.0004,0.8,0.55,3,[50],[50],0.537,519,0.39844591465761914,0.0025,2,650.0,650.0,0.0
101,500,1,0.0004,0.8,0.55,3,[50],[50],0.532,517,0.31835168160042615,0.0004,1,100.0,100.0,0.0
101,500,1,0.0004,0.8,0.55,3,[50],[50],0.5345,532,0.35099073488708,0.0061,3,1550.0,1550.0,0.0
101,500,1,0.0004,0.9,0.55,3,[50],[50],0.5454,480,0.608202507043698,0.0111,6,2825.0,2825.0,0.0
101,500,1,0.0004,0.9,0.55,3,[50],[50],0.5387,514,0.44128611272529206,0.001,1,250.0,250.0,0.0
101,500,1,0.0004,0.9,0.55,3,[50],[50],0.5366,523,0.3933286204979125,0.0001,1,25.0,25.0,0.0
101,500,1,0.0004,1,0.55,3,[50],[50],0.5448,452,0.5876978062317906,0.0064,10,1625.0,1625.0,0.0
101,500,1,0.0004,1,0.55,3,[50],[50],0.5475,462,0.6840455545480517,0.0087,7,2225.0,2225.0,0.0
101,500,1,0.0004,1,0.55,3,[50],[50],0.5441,482,0.580980024959965,0.0204,19,5200.0,5200.0,0.0
101,500,1,0.002,0.3,0.55,3,[50],[50],0.5403,496,0.48169267040473196,0.0021,1,75.0,200.0,62.048368229954285
101,500,1,0.002,0.3,0.55,3,[50],[50],0.5427,504,0.5427328352905381,0.001,1,50.0,75.0,15.811388300841896
101,500,1,0.002,0.3,0.55,3,[50],[50],0.541,500,0.49510394930176727,0.0008,1,25.0,75.0,20.0
101,500,1,0.002,0.4,0.55,3,[50],[50],0.5338,541,0.32588762177556685,0.0011,1,75.0,75.0,24.49489742783178
101,500,1,0.002,0.4,0.55,3,[50],[50],0.5406,528,0.48104614074667706,0.0015,1,100.0,125.0,41.83300132670378
101,500,1,0.002,0.4,0.55,3,[50],[50],0.5319,539,0.2896215433775051,0.0009,1,25.0,100.0,29.154759474226502
101,500,1,0.002,0.5,0.55,3,[50],[50],0.5332,567,0.30761311508940015,0.0032,1,175.0,275.0,71.76350047203663
101,500,1,0.002,0.5,0.55,3,[50],[50],0.5409,508,0.49917345654432177,0.0023,1,100.0,275.0,93.00537618869137
101,500,1,0.002,0.5,0.55,3,[50],[50],0.5379,529,0.4278147671677446,0.0021,1,100.0,175.0,53.38539126015655
101,500,1,0.002,0.6,0.55,3,[50],[50],0.5448,521,0.5747728208258085,0.0052,2,225.0,675.0,226.16365755797284
101,500,1,0.002,0.6,0.55,3,[50],[50],0.5434,486,0.5434647603642095,0.0027,1,75.0,300.0,112.47221879201993
101,500,1,0.002,0.6,0.55,3,[50],[50],0.5432,490,0.5467812866672639,0.0034,2,200.0,225.0,75.82875444051551
101,500,1,0.002,0.7,0.55,3,[50],[50],0.5337,531,0.3291763589094887,0.0069,5,50.0,825.0,387.94329482541644
101,500,1,0.002,0.7,0.55,3,[50],[50],0.5402,472,0.47051240001477757,0.0085,4,225.0,1025.0,366.94686263817545
101,500,1,0.002,0.7,0.55,3,[50],[50],0.545,526,0.5805851223956715,0.0124,7,725.0,1275.0,424.9705872175156
101,500,1,0.002,0.8,0.55,3,[50],[50],0.5347,550,0.344160583516262,0.0081,2,150.0,1250.0,440.34077712607996
101,500,1,0.002,0.8,0.55,3,[50],[50],0.5389,491,0.437811173354441,0.0031,1,125.0,375.0,122.06555615733703
101,500,1,0.002,0.8,0.55,3,[50],[50],0.5422,521,0.5206210803650357,0.0072,2,250.0,750.0,235.3720459187964
101,500,1,0.002,0.9,0.55,3,[50],[50],0.5352,532,0.36219094252982753,0.0123,12,225.0,1775.0,693.5416353759881
101,500,1,0.002,0.9,0.55,3,[50],[50],0.536,550,0.3761876671200093,0.0271,5,950.0,3875.0,1351.9800294383049
101,500,1,0.002,0.9,0.55,3,[50],[50],0.5366,509,0.3860537312339263,0.0169,8,937.5,2375.0,833.4791539084825
101,500,1,0.002,1,0.55,3,[50],[50],0.5454,470,0.6062221809080004,0.1529,138,3050.0,17350.0,7441.505224079333
101,500,1,0.002,1,0.55,3,[50],[50],0.5401,538,0.4718794122117287,0.0164,6,650.0,2075.0,675.388776927778
101,500,1,0.002,1,0.55,3,[50],[50],0.5461,471,0.6346922169201186,0.0586,65,2050.0,9225.0,3260.8511158898377
101,500,1,0.04,0.3,0.55,3,[50],[50],0.5448,494,0.5762980550138797,0.0211,2,25.0,425.0,61.856832506869274
101,500,1,0.04,0.3,0.55,3,[50],[50],0.5448,480,0.5996954371395913,0.0224,1,50.0,250.0,45.522512770881505
101,500,1,0.04,0.3,0.55,3,[50],[50],0.5446,506,0.5711547963291097,0.0238,1,25.0,350.0,64.82765726244223
101,500,1,0.04,0.4,0.55,3,[50],[50],0.5418,460,0.5264865648910377,0.0351,2,75.0,450.0,78.95362648536346
101,500,1,0.04,0.4,0.55,3,[50],[50],0.5399,513,0.4645367246742138,0.0283,2,50.0,550.0,85.46400858115611
101,500,1,0.04,0.4,0.55,3,[50],[50],0.5374,496,0.424302782916397,0.0314,2,50.0,375.0,76.16491775461401
101,500,1,0.04,0.5,0.55,3,[50],[50],0.5419,510,0.495980633946036,0.0407,5,50.0,500.0,108.57216874168847
101,500,1,0.04,0.5,0.55,3,[50],[50],0.5399,476,0.48794196785381105,0.0454,6,75.0,650.0,118.70800074931432
101,500,1,0.04,0.5,0.55,3,[50],[50],0.5374,513,0.4130633311677401,0.0358,1,50.0,550.0,95.58739619423021
101,500,1,0.04,0.6,0.55,3,[50],[50],0.5442,509,0.5633091110268884,0.0738,12,125.0,1600.0,264.8204757887338
101,500,1,0.04,0.6,0.55,3,[50],[50],0.5369,555,0.3903560061208289,0.0594,5,100.0,875.0,167.87032390403854
101,500,1,0.04,0.6,0.55,3,[50],[50],0.5478,483,0.6631536685375417,0.0699,9,125.0,1125.0,205.8640239994573
101,500,1,0.04,0.7,0.55,3,[50],[50],0.5437,463,0.5616429888157803,0.1163,30,150.0,3075.0,474.220846265736
101,500,1,0.04,0.7,0.55,3,[50],[50],0.541,490,0.48384083632672104,0.1088,38,150.0,2500.0,415.36463231452166
101,500,1,0.04,0.7,0.55,3,[50],[50],0.5433,481,0.547451557668932,0.1128,37,125.0,2250.0,426.9968521293747
101,500,1,0.04,0.8,0.55,3,[50],[50],0.5425,462,0.5278836825556188,0.1865,81,200.0,5950.0,930.7291187262668
101,500,1,0.04,0.8,0.55,3,[50],[50],0.5343,525,0.3432495252557177,0.1531,45,300.0,2550.0,477.61626965385324
101,500,1,0.04,0.8,0.55,3,[50],[50],0.5408,515,0.4833700990105161,0.188,91,300.0,3900.0,737.3750363920744
101,500,1,0.04,0.9,0.55,3,[50],[50],0.5327,542,0.30657178040019994,0.2763,183,350.0,7575.0,1320.917846994666
101,500,1,0.04,0.9,0.55,3,[50],[50],0.5388,506,0.4454747267218284,0.3016,221,200.0,8000.0,1551.0046699801626
101,500,1,0.04,0.9,0.55,3,[50],[50],0.5466,488,0.6420099617610475,0.296,210,350.0,7500.0,1443.5973688438373
101,500,1,0.04,1,0.55,3,[50],[50],0.5426,493,0.5247064160369352,0.4289,439,500.0,15475.0,2071.2844920115067
101,500,1,0.04,1,0.55,3,[50],[50],0.5365,533,0.3808076101314284,0.3654,324,437.5,11375.0,1554.1716142299979
101,500,1,0.04,1,0.55,3,[50],[50],0.5271,531,0.2322284194039015,0.3732,337,487.5,7250.0,1288.524776656495
101,500,1,0.0004,0.3,0.6,3,[50],[50],0.5948,306,2.594731229984326,0.0003,1,75.0,75.0,0.0
101,500,1,0.0004,0.3,0.6,3,[50],[50],0.5867,333,2.1815150774924352,0.0001,1,25.0,25.0,0.0
101,500,1,0.0004,0.3,0.6,3,[50],[50],0.5945,294,2.612725806407179,0.0004,1,100.0,100.0,0.0
101,500,1,0.0004,0.4,0.6,3,[50],[50],0.5849,316,2.0853996807636777,0.0001,1,25.0,25.0,0.0
101,500,1,0.0004,0.4,0.6,3,[50],[50],0.5813,346,1.9488653427487845,0.0001,1,25.0,25.0,0.0
101,500,1,0.0004,0.4,0.6,3,[50],[50],0.5923,317,2.476474799063788,0.0001,1,25.0,25.0,0.0
101,500,1,0.0004,0.5,0.6,3,[50],[50],0.5894,292,2.314084143986872,0.0009,1,225.0,225.0,0.0
101,500,1,0.0004,0.5,0.6,3,[50],[50],0.5951,292,2.631230610512736,0.0004,1,100.0,100.0,0.0
101,500,1,0.0004,0.5,0.6,3,[50],[50],0.5872,358,2.1957581697978124,0.0001,1,25.0,25.0,0.0
101,500,1,0.0004,0.6,0.6,3,[50],[50],0.5967,289,2.750922211770379,0.0004,1,100.0,100.0,0.0
101,500,1,0.0004,0.6,0.6,3,[50],[50],0.5859,366,2.135626133132884,0.0035,1,900.0,900.0,0.0
101,500,1,0.0004,0.6,0.6,3,[50],[50],0.5924,323,2.4546228889564037,0.0005,1,125.0,125.0,0.0
101,500,1,0.0004,0.7,0.6,3,[50],[50],0.5927,298,2.522671071150817,0.001,1,250.0,250.0,0.0
101,500,1,0.0004,0.7,0.6,3,[50],[50],0.591,293,2.4001090407230197,0.0002,1,50.0,50.0,0.0
101,500,1,0.0004,0.7,0.6,3,[50],[50],0.5989,255,2.8318553352528864,0.0106,6,2700.0,2700.0,0.0
101,500,1,0.0004,0.8,0.6,3,[50],[50],0.58,371,1.8456894905560794,0.0065,7,1650.0,1650.0,0.0
101,500,1,0.0004,0.8,0.6,3,[50],[50],0.5811,359,1.8987528802744236,0.001,1,250.0,250.0,0.0
101,500,1,0.0004,0.8,0.6,3,[50],[50],0.5895,310,2.3215306020186066,0.0017,1,425.0,425.0,0.0
101,500,1,0.0004,0.9,0.6,3,[50],[50],0.5869,313,2.1909569730798606,0.0309,27,7875.0,7875.0,0.0
101,500,1,0.0004,0.9,0.6,3,[50],[50],0.5884,295,2.256472984432234,0.0492,49,12550.0,12550.0,0.0
101,500,1,0.0004,0.9,0.6,3,[50],[50],0.5809,327,1.9326197942728496,0.0279,27,7125.0,7125.0,0.0
101,500,1,0.0004,1,0.6,3,[50],[50],0.5925,306,2.4706585005958237,0.1334,182,34025.0,34025.0,0.0
101,500,1,0.0004,1,0.6,3,[50],[50],0.5881,317,2.2572082134223015,0.0922,135,23525.0,23525.0,0.0
101,500,1,0.0004,1,0.6,3,[50],[50],0.5945,291,2.5738077464611875,0.0035,2,900.0,900.0,0.0
101,500,1,0.002,0.3,0.6,3,[50],[50],0.5862,332,2.1538818792569248,0.0009,1,50.0,75.0,18.708286933869708
101,500,1,0.002,0.3,0.6,3,[50],[50],0.5859,342,2.141508131334502,0.0012,1,50.0,100.0,25.495097567963924
101,500,1,0.002,0.3,0.6,3,[50],[50],0.5912,284,2.415006960945154,0.0022,1,100.0,250.0,84.55767262643882
101,500,1,0.002,0.4,0.6,3,[50],[50],0.5879,301,2.255547111107903,0.0009,1,25.0,100.0,29.154759474226502
101,500,1,0.002,0.4,0.6,3,[50],[50],0.581,333,1.8858396403933608,0.0014,1,25.0,175.0,60.0
101,500,1,0.002,0.4,0.6,3,[50],[50],0.5901,307,2.380934201516427,0.0008,1,25.0,75.0,20.0
101,500,1,0.002,0.5,0.6,3,[50],[50],0.5751,393,1.636929452815028,0.0035,1,125.0,325.0,120.83045973594572
101,500,1,0.002,0.5,0.6,3,[50],[50],0.5892,320,2.331186476122793,0.0037,1,175.0,575.0,222.5561726845607
101,500,1,0.002,0.5,0.6,3,[50],[50],0.5995,276,2.8961435626883913,0.0013,1,50.0,125.0,33.91164991562634
101,500,1,0.002,0.6,0.6,3,[50],[50],0.5854,309,2.146215320618994,0.0055,2,275.0,775.0,269.4438717061496
101,500,1,0.002,0.6,0.6,3,[50],[50],0.583,327,1.9945757233073902,0.0071,3,200.0,1025.0,337.86091813052303
101,500,1,0.002,0.6,0.6,3,[50],[50],0.5882,294,2.278314297157946,0.0066,2,175.0,800.0,262.01145013147806
101,500,1,0.002,0.7,0.6,3,[50],[50],0.5845,356,2.080910595938701,0.0097,6,325.0,1425.0,493.55850717012265
101,500,1,0.002,0.7,0.6,3,[50],[50],0.5892,310,2.304196553832938,0.0183,14,525.0,2825.0,1013.4840896629804
101,500,1,0.002,0.7,0.6,3,[50],[50],0.5935,302,2.5590802822092473,0.0127,7,125.0,2650.0,1003.3693238284694
101,500,1,0.002,0.8,0.6,3,[50],[50],0.5907,307,2.4292720558034775,0.0196,11,900.0,1375.0,261.2470095522626
101,500,1,0.002,0.8,0.6,3,[50],[50],0.5892,324,2.3107986723406415,0.0238,19,175.0,4400.0,1660.165654385128
101,500,1,0.002,0.8,0.6,3,[50],[50],0.5954,287,2.6819123305815706,0.0092,5,350.0,1050.0,394.14464350032716
101,500,1,0.002,0.9,0.6,3,[50],[50],0.583,339,2.001276037762467,0.0747,68,3000.0,9875.0,3170.2760132203002
101,500,1,0.002,0.9,0.6,3,[50],[50],0.5753,356,1.6460570711897993,0.0265,17,625.0,4650.0,1702.2778856579205
101,500,1,0.002,0.9,0.6,3,[50],[50],0.5927,321,2.5112508973138548,0.0672,49,1225.0,12675.0,4661.314192371075
101,500,1,0.002,1,0.6,3,[50],[50],0.5854,329,2.1270314531542267,0.2401,319,2800.0,31175.0,13244.644200581608
101,500,1,0.002,1,0.6,3,[50],[50],0.5935,298,2.533003606345141,0.31,404,21925.0,31625.0,12576.819947824648
101,500,1,0.002,1,0.6,3,[50],[50],0.5907,320,2.401041842305196,0.2603,347,9550.0,28375.0,11124.893257914882
101,500,1,0.04,0.3,0.6,3,[50],[50],0.5879,328,2.235359446350005,0.0225,1,25.0,250.0,50.425967428435456
101,500,1,0.04,0.3,0.6,3,[50],[50],0.5863,313,2.1706557464446163,0.0234,1,50.0,275.0,40.04575996958578
101,500,1,0.04,0.3,0.6,3,[50],[50],0.5881,314,2.2656303907242825,0.0229,2,50.0,325.0,52.570089315783385
101,500,1,0.04,0.4,0.6,3,[50],[50],0.5884,349,2.250953479583695,0.0391,3,75.0,550.0,102.34807057790786
101,500,1,0.04,0.4,0.6,3,[50],[50],0.597,275,2.729288588320533,0.0378,1,75.0,425.0,83.97159433241217
101,500,1,0.04,0.4,0.6,3,[50],[50],0.5901,332,2.35669149922636,0.0365,3,75.0,425.0,83.16622210137334
101,500,1,0.04,0.5,0.6,3,[50],[50],0.5858,338,2.1328234890640396,0.0545,4,100.0,725.0,143.61475995623744
101,500,1,0.04,0.5,0.6,3,[50],[50],0.5923,301,2.4846179312118966,0.0552,10,100.0,725.0,148.76495135420092
101,500,1,0.04,0.5,0.6,3,[50],[50],0.5879,342,2.241109381499029,0.0557,6,75.0,1125.0,188.17396312384412
101,500,1,0.04,0.6,0.6,3,[50],[50],0.5895,341,2.309541409261795,0.0937,25,125.0,2500.0,433.15360308223904
101,500,1,0.04,0.6,0.6,3,[50],[50],0.5908,328,2.417139013693892,0.0907,14,150.0,1600.0,314.3951186921315
101,500,1,0.04,0.6,0.6,3,[50],[50],0.5888,349,2.2675908153993563,0.1044,27,200.0,2450.0,393.8260941268735
101,500,1,0.04,0.7,0.6,3,[50],[50],0.5797,339,1.866665752560548,0.1613,64,225.0,3775.0,869.1945177873843
101,500,1,0.04,0.7,0.6,3,[50],[50],0.5836,315,2.0212456729605144,0.1226,37,200.0,2350.0,470.7361550126084
101,500,1,0.04,0.7,0.6,3,[50],[50],0.5929,315,2.52185629062307,0.1673,68,250.0,4550.0,784.6531807253155
101,500,1,0.04,0.8,0.6,3,[50],[50],0.591,309,2.397005974625843,0.3082,218,300.0,10450.0,1989.5684741418618
101,500,1,0.04,0.8,0.6,3,[50],[50],0.5874,328,2.2285804725667324,0.3175,211,350.0,16750.0,2687.3034624357088
101,500,1,0.04,0.8,0.6,3,[50],[50],0.5784,377,1.771438298232475,0.2736,171,425.0,13575.0,2004.6233070457429
101,500,1,0.04,0.9,0.6,3,[50],[50],0.5844,324,2.0942255384903685,0.4225,419,350.0,12825.0,2991.560001781811
101,500,1,0.04,0.9,0.6,3,[50],[50],0.5911,319,2.414988445679045,0.4403,466,325.0,26250.0,4742.23516318187
101,500,1,0.04,0.9,0.6,3,[50],[50],0.5868,330,2.1722544924174803,0.4287,451,400.0,25650.0,3847.296448723092
101,500,1,0.04,1,0.6,3,[50],[50],0.5864,330,2.165963089618639,0.541,738,175.0,30325.0,4424.742302874526
101,500,1,0.04,1,0.6,3,[50],[50],0.5873,315,2.224416206974633,0.5518,805,137.5,26425.0,4639.882956804519
101,500,1,0.04,1,0.6,3,[50],[50],0.5886,352,2.241109381499029,0.535,731,125.0,27625.0,4586.546215828086
101,500,1,0.0004,0.3,0.65,3,[50],[50],0.6404,199,5.756349242656544,0.0002,1,50.0,50.0,0.0
101,500,1,0.0004,0.3,0.65,3,[50],[50],0.6355,178,5.332966524697824,0.0002,1,50.0,50.0,0.0
101,500,1,0.0004,0.3,0.65,3,[50],[50],0.6326,215,5.157402602233885,0.0002,1,50.0,50.0,0.0
101,500,1,0.0004,0.4,0.65,3,[50],[50],0.6363,160,5.449960067074066,0.0002,1,50.0,50.0,0.0
101,500,1,0.0004,0.4,0.65,3,[50],[50],0.6365,188,5.446324826072379,0.0001,1,25.0,25.0,0.0
101,500,1,0.0004,0.4,0.65,3,[50],[50],0.6387,163,5.622266971647494,0.0003,1,75.0,75.0,0.0
101,500,1,0.0004,0.5,0.65,3,[50],[50],0.6425,182,5.958010413325898,0.0005,1,125.0,125.0,0.0
101,500,1,0.0004,0.5,0.65,3,[50],[50],0.6409,185,5.817201247647441,0.0002,1,50.0,50.0,0.0
101,500,1,0.0004,0.5,0.65,3,[50],[50],0.6373,159,5.510476249806651,0.0004,1,100.0,100.0,0.0
101,500,1,0.0004,0.6,0.65,3,[50],[50],0.6323,206,5.078138162697288,0.0014,1,350.0,350.0,0.0
101,500,1,0.0004,0.6,0.65,3,[50],[50],0.6409,168,5.803003936908169,0.0052,2,1325.0,1325.0,0.0
101,500,1,0.0004,0.6,0.65,3,[50],[50],0.6378,175,5.56494474918745,0.0036,2,925.0,925.0,0.0
101,500,1,0.0004,0.7,0.65,3,[50],[50],0.6318,169,5.091866053075178,0.0022,1,550.0,550.0,0.0
101,500,1,0.0004,0.7,0.65,3,[50],[50],0.6324,195,5.132064799294889,0.0026,1,675.0,675.0,0.0
101,500,1,0.0004,0.7,0.65,3,[50],[50],0.634,220,5.2623960054942405,0.0003,1,75.0,75.0,0.0
101,500,1,0.0004,0.8,0.65,3,[50],[50],0.6397,185,5.701689688801825,0.0251,24,6400.0,6400.0,0.0
101,500,1,0.0004,0.8,0.65,3,[50],[50],0.6374,167,5.514061993500096,0.0001,1,25.0,25.0,0.0
101,500,1,0.0004,0.8,0.65,3,[50],[50],0.6317,188,5.037531785205851,0.0119,9,3025.0,3025.0,0.0
101,500,1,0.0004,0.9,0.65,3,[50],[50],0.6378,195,5.583171376158235,0.0061,4,1550.0,1550.0,0.0
101,500,1,0.0004,0.9,0.65,3,[50],[50],0.6393,205,5.6791733473730455,0.0871,91,22225.0,22225.0,0.0
101,500,1,0.0004,0.9,0.65,3,[50],[50],0.6309,185,5.008589104070715,0.0785,87,20025.0,20025.0,0.0
101,500,1,0.0004,1,0.65,3,[50],[50],0.6358,166,5.421807380726406,0.1365,194,34800.0,34800.0,0.0
101,500,1,0.0004,1,0.65,3,[50],[50],0.6369,179,5.474530962664447,0.0024,3,600.0,600.0,0.0
101,500,1,0.0004,1,0.65,3,[50],[50],0.6362,195,5.416656424615674,0.0015,2,375.0,375.0,0.0
101,500,1,0.002,0.3,0.65,3,[50],[50],0.6436,144,6.0499420402884585,0.0018,1,50.0,225.0,76.81145747868608
101,500,1,0.002,0.3,0.65,3,[50],[50],0.6417,193,5.868260043758666,0.0015,1,75.0,125.0,35.35533905932738
101,500,1,0.002,0.3,0.65,3,[50],[50],0.6376,199,5.54163237462676,0.002,1,50.0,300.0,103.6822067666386
101,500,1,0.002,0.4,0.65,3,[50],[50],0.6353,205,5.362999512732403,0.0013,1,50.0,175.0,56.124860801609124
101,500,1,0.002,0.4,0.65,3,[50],[50],0.6391,178,5.657825450848519,0.0016,1,25.0,225.0,78.10249675906654
101,500,1,0.002,0.4,0.65,3,[50],[50],0.6335,202,5.169510389466336,0.002,1,25.0,375.0,137.84048752090223
101,500,1,0.002,0.5,0.65,3,[50],[50],0.6372,182,5.54914866570948,0.0029,1,75.0,325.0,134.16407864998737
101,500,1,0.002,0.5,0.65,3,[50],[50],0.647,181,6.3738651807990205,0.001,1,25.0,100.0,31.622776601683793
101,500,1,0.002,0.5,0.65,3,[50],[50],0.6357,186,5.333907414307848,0.0054,1,300.0,500.0,148.32396974191326
101,500,1,0.002,0.6,0.65,3,[50],[50],0.6434,158,6.019576840685925,0.0032,2,50.0,475.0,176.4936259472279
101,500,1,0.002,0.6,0.65,3,[50],[50],0.6436,162,6.05883792747507,0.0028,1,175.0,325.0,112.24972160321825
101,500,1,0.002,0.6,0.65,3,[50],[50],0.634,178,5.22592045407414,0.0036,1,125.0,600.0,213.65860619221496
101,500,1,0.002,0.7,0.65,3,[50],[50],0.6428,189,6.002442475826131,0.0094,5,200.0,1150.0,439.1469002509297
101,500,1,0.002,0.7,0.65,3,[50],[50],0.6362,182,5.440622513951254,0.0157,9,600.0,2075.0,713.2671308843553
101,500,1,0.002,0.7,0.65,3,[50],[50],0.6389,184,5.63851595729743,0.0135,3,300.0,1700.0,696.8859304075525
101,500,1,0.002,0.8,0.65,3,[50],[50],0.6389,204,5.666263717332498,0.0878,87,3100.0,13025.0,4850.989589764134
101,500,1,0.002,0.8,0.65,3,[50],[50],0.6421,187,5.892691683729101,0.0145,10,150.0,2125.0,829.0958931269652
101,500,1,0.002,0.8,0.65,3,[50],[50],0.6343,193,5.28817089728072,0.0426,24,3425.0,3550.0,1616.8642490945242
101,500,1,0.002,0.9,0.65,3,[50],[50],0.6417,180,5.851476726037863,0.3394,438,27175.0,32125.0,12637.12907467515
101,500,1,0.002,0.9,0.65,3,[50],[50],0.6324,206,5.114762498202752,0.3402,388,22037.5,28025.0,5296.534834210004
101,500,1,0.002,0.9,0.65,3,[50],[50],0.6379,180,5.5577471923554,0.4045,522,31312.5,35675.0,12293.37346906861
101,500,1,0.002,1,0.65,3,[50],[50],0.6439,157,6.118612952279712,0.5983,890,37975.0,39475.0,15264.637237746596
101,500,1,0.002,1,0.65,3,[50],[50],0.638,178,5.576496359727967,0.4474,678,35000.0,39950.0,18634.949691372927
101,500,1,0.002,1,0.65,3,[50],[50],0.6346,197,5.319940462335748,0.5629,848,34600.0,38750.0,14425.98870095218
101,500,1,0.04,0.3,0.65,3,[50],[50],0.6509,160,6.674377233223538,0.0263,2,50.0,375.0,65.39142742870378
101,500,1,0.04,0.3,0.65,3,[50],[50],0.634,178,5.237502491803603,0.0276,1,50.0,375.0,58.98847251113285
101,500,1,0.04,0.3,0.65,3,[50],[50],0.6423,155,5.935895503909361,0.0274,1,50.0,325.0,62.36504662801266
101,500,1,0.04,0.4,0.65,3,[50],[50],0.6387,181,5.624299132351496,0.0423,2,75.0,475.0,110.81237583953906
101,500,1,0.04,0.4,0.65,3,[50],[50],0.6404,176,5.804361560007587,0.0427,2,75.0,675.0,122.04404231214603
101,500,1,0.04,0.4,0.65,3,[50],[50],0.6393,179,5.663578919596368,0.0444,4,75.0,700.0,120.33681519508305
101,500,1,0.04,0.5,0.65,3,[50],[50],0.6407,173,5.838162425170168,0.0577,6,75.0,1325.0,210.02814631303679
101,500,1,0.04,0.5,0.65,3,[50],[50],0.6308,190,4.993672218464917,0.0702,7,125.0,1075.0,195.80609887178568
101,500,1,0.04,0.5,0.65,3,[50],[50],0.6409,153,5.8379279818227765,0.0504,6,75.0,975.0,171.346222120018
101,500,1,0.04,0.6,0.65,3,[50],[50],0.6402,166,5.737683017411421,0.1295,35,187.5,3000.0,507.2141306030387
101,500,1,0.04,0.6,0.65,3,[50],[50],0.6376,197,5.5276652235341945,0.1066,26,175.0,1700.0,346.060363904004
101,500,1,0.04,0.6,0.65,3,[50],[50],0.6305,173,5.009074687561643,0.1366,38,200.0,2725.0,515.4633885741231
101,500,1,0.04,0.7,0.65,3,[50],[50],0.6333,182,5.169170179047066,0.2316,129,300.0,7800.0,1426.6526471903715
101,500,1,0.04,0.7,0.65,3,[50],[50],0.6364,178,5.461326204588479,0.2447,134,500.0,10025.0,1658.0009803344515
101,500,1,0.04,0.7,0.65,3,[50],[50],0.6304,184,4.9544594707850775,0.1904,78,350.0,3350.0,809.2565118452221
101,500,1,0.04,0.8,0.65,3,[50],[50],0.6409,188,5.810942544875985,0.4393,423,375.0,26925.0,5275.492193945494
101,500,1,0.04,0.8,0.65,3,[50],[50],0.6334,226,5.207944033865175,0.447,468,287.5,27525.0,6874.617181673305
101,500,1,0.04,0.8,0.65,3,[50],[50],0.6386,174,5.61493473502982,0.4576,452,187.5,26150.0,7542.832421196698
101,500,1,0.04,0.9,0.65,3,[50],[50],0.6454,140,6.187463439386509,0.6108,960,75.0,38525.0,9990.091196569983
101,500,1,0.04,0.9,0.65,3,[50],[50],0.6417,183,5.893223893505417,0.5959,839,75.0,37600.0,8240.99751360976
101,500,1,0.04,0.9,0.65,3,[50],[50],0.6411,179,5.826061504327074,0.5911,841,100.0,36800.0,9799.471357623783
101,500,1,0.04,1,0.65,3,[50],[50],0.63,217,4.944460957131691,0.6157,1041,50.0,37450.0,6912.38714430665
101,500,1,0.04,1,0.65,3,[50],[50],0.6399,193,5.763613974303217,0.6298,1036,50.0,38025.0,6572.45113412912
101,500,1,0.04,1,0.65,3,[50],[50],0.6337,177,5.241565280526517,0.6247,1051,75.0,37675.0,6216.207400101798
101,500,1,0.0004,0.3,0.7,3,[50],[50],0.6824,93,9.829898100252699,0.0001,1,25.0,25.0,0.0
101,500,1,0.0004,0.3,0.7,3,[50],[50],0.686,109,10.277103307176482,0.0003,1,75.0,75.0,0.0
101,500,1,0.0004,0.3,0.7,3,[50],[50],0.6874,89,10.362713865900176,0.0001,1,25.0,25.0,0.0
101,500,1,0.0004,0.4,0.7,3,[50],[50],0.6901,100,10.667820660037863,0.0005,1,125.0,125.0,0.0
101,500,1,0.0004,0.4,0.7,3,[50],[50],0.6741,120,8.961250863353742,0.0001,1,25.0,25.0,0.0
101,500,1,0.0004,0.4,0.7,3,[50],[50],0.6816,83,9.786927072352448,0.0001,1,25.0,25.0,0.0
101,500,1,0.0004,0.5,0.7,3,[50],[50],0.6967,81,11.468567379712669,0.0001,1,25.0,25.0,0.0
101,500,1,0.0004,0.5,0.7,3,[50],[50],0.6876,106,10.414495277789182,0.0001,1,25.0,25.0,0.0
101,500,1,0.0004,0.5,0.7,3,[50],[50],0.6874,106,10.40391165443535,0.0001,1,25.0,25.0,0.0
101,500,1,0.0004,0.6,0.7,3,[50],[50],0.6935,92,11.074508619421252,0.0002,1,50.0,50.0,0.0
101,500,1,0.0004,0.6,0.7,3,[50],[50],0.6915,105,10.846358097999254,0.0003,1,75.0,75.0,0.0
101,500,1,0.0004,0.6,0.7,3,[50],[50],0.6841,101,9.964805042597035,0.0001,1,25.0,25.0,0.0
101,500,1,0.0004,0.7,0.7,3,[50],[50],0.6845,99,10.09407895660499,0.0001,1,25.0,25.0,0.0
101,500,1,0.0004,0.7,0.7,3,[50],[50],0.6832,108,9.918931479168847,0.0006,1,150.0,150.0,0.0
101,500,1,0.0004,0.7,0.7,3,[50],[50],0.6823,121,9.856732700511085,0.0262,15,6675.0,6675.0,0.0
101,500,1,0.0004,0.8,0.7,3,[50],[50],0.6857,119,10.22104445072337,0.1464,163,37325.0,37325.0,0.0
101,500,1,0.0004,0.8,0.7,3,[50],[50],0.679,121,9.452738466635891,0.132,153,33675.0,33675.0,0.0
101,500,1,0.0004,0.8,0.7,3,[50],[50],0.6849,111,10.104158012842868,0.11,109,28050.0,28050.0,0.0
101,500,1,0.0004,0.9,0.7,3,[50],[50],0.6811,131,9.681883126203338,0.1134,151,28925.0,28925.0,0.0
101,500,1,0.0004,0.9,0.7,3,[50],[50],0.6858,96,10.216110698959413,0.1654,265,42175.0,42175.0,0.0
101,500,1,0.0004,0.9,0.7,3,[50],[50],0.6851,109,10.17060082290403,0.1397,207,35625.0,35625.0,0.0
101,500,1,0.0004,1,0.7,3,[50],[50],0.6833,94,9.925249976810536,0.1655,277,42200.0,42200.0,0.0
101,500,1,0.0004,1,0.7,3,[50],[50],0.6891,108,10.583774277060975,0.1607,262,40975.0,40975.0,0.0
101,500,1,0.0004,1,0.7,3,[50],[50],0.6897,100,10.67631546725848,0.1721,268,43900.0,43900.0,0.0
101,500,1,0.002,0.3,0.7,3,[50],[50],0.6853,120,10.133221174987295,0.0017,1,50.0,225.0,75.16648189186454
101,500,1,0.002,0.3,0.7,3,[50],[50],0.6841,107,9.981174298979756,0.002,1,75.0,200.0,65.19202405202648
101,500,1,0.002,0.3,0.7,3,[50],[50],0.6934,90,11.131432448514422,0.0021,1,25.0,275.0,102.95630140987001
101,500,1,0.002,0.4,0.7,3,[50],[50],0.6898,105,10.669879076250178,0.0012,1,50.0,100.0,33.91164991562634
101,500,1,0.002,0.4,0.7,3,[50],[50],0.6823,106,9.844630179547742,0.0011,1,50.0,125.0,36.742346141747674
101,500,1,0.002,0.4,0.7,3,[50],[50],0.688,115,10.431723290736771,0.0015,1,75.0,125.0,35.35533905932738
101,500,1,0.002,0.5,0.7,3,[50],[50],0.7006,83,11.962454369903398,0.0063,2,350.0,725.0,261.43832924802746
101,500,1,0.002,0.5,0.7,3,[50],[50],0.6883,103,10.477782320264527,0.0047,1,250.0,600.0,212.4852936087578
101,500,1,0.002,0.5,0.7,3,[50],[50],0.6796,106,9.492797983806778,0.0025,1,75.0,325.0,114.0175425099138
101,500,1,0.002,0.6,0.7,3,[50],[50],0.6861,94,10.261737041494401,0.0075,3,175.0,1475.0,550.9990925582364
101,500,1,0.002,0.6,0.7,3,[50],[50],0.6839,101,9.991227347091735,0.011,2,275.0,1400.0,560.9367165732691
101,500,1,0.002,0.6,0.7,3,[50],[50],0.6948,83,11.290862566692695,0.0066,2,325.0,550.0,200.37464909513878
101,500,1,0.002,0.7,0.7,3,[50],[50],0.6806,115,9.589771740657971,0.0197,11,425.0,3400.0,1253.3355496434306
101,500,1,0.002,0.7,0.7,3,[50],[50],0.691,100,10.797059647899099,0.0501,40,4900.0,7850.0,3226.603821702042
101,500,1,0.002,0.7,0.7,3,[50],[50],0.6888,94,10.586907802992263,0.1017,69,1175.0,20650.0,7795.104232786114
101,500,1,0.002,0.8,0.7,3,[50],[50],0.6797,120,9.577623621543651,0.025,21,75.0,5525.0,2141.494805036893
101,500,1,0.002,0.8,0.7,3,[50],[50],0.6959,78,11.389700721557105,0.3951,461,31350.0,34200.0,15776.35097226225
101,500,1,0.002,0.8,0.7,3,[50],[50],0.6912,98,10.848809238003332,0.3202,358,10125.0,35575.0,15738.14156754221
101,500,1,0.002,0.9,0.7,3,[50],[50],0.6809,105,9.667447745889513,0.5977,839,38387.5,40075.0,1746.3690009559834
101,500,1,0.002,0.9,0.7,3,[50],[50],0.6809,119,9.687517017722591,0.565,786,38625.0,39525.0,5060.632371551998
101,500,1,0.002,0.9,0.7,3,[50],[50],0.6839,124,9.975312787861522,0.4267,577,34075.0,40250.0,15667.755253625199
101,500,1,0.002,1,0.7,3,[50],[50],0.6904,104,10.743877956453629,0.6646,1064,41475.0,44800.0,16988.628549709363
101,500,1,0.002,1,0.7,3,[50],[50],0.6854,106,10.171026171847197,0.6666,1095,41750.0,43425.0,16926.192720160077
101,500,1,0.002,1,0.7,3,[50],[50],0.6822,100,9.803122690974186,0.6546,1072,41150.0,42525.0,16694.734199740946
101,500,1,0.04,0.3,0.7,3,[50],[50],0.6875,101,10.37140774186186,0.0307,1,50.0,500.0,83.81687649539461
101,500,1,0.04,0.3,0.7,3,[50],[50],0.6905,93,10.760197822559425,0.0332,1,50.0,350.0,76.66735210045695
101,500,1,0.04,0.3,0.7,3,[50],[50],0.6861,110,10.258425127362136,0.0285,3,50.0,350.0,73.28358205244541
101,500,1,0.04,0.4,0.7,3,[50],[50],0.6924,90,10.946789772332222,0.0454,6,75.0,775.0,141.15025953683374
101,500,1,0.04,0.4,0.7,3,[50],[50],0.6886,94,10.570994383836274,0.0566,6,100.0,800.0,160.08248811455042
101,500,1,0.04,0.4,0.7,3,[50],[50],0.6873,114,10.335587959715486,0.0494,3,100.0,625.0,122.15485647435592
101,500,1,0.04,0.5,0.7,3,[50],[50],0.6867,95,10.26698651859923,0.1,20,175.0,2225.0,375.68083139028283
101,500,1,0.04,0.5,0.7,3,[50],[50],0.6894,98,10.634210722463678,0.0923,16,150.0,1700.0,364.07850115992665
101,500,1,0.04,0.5,0.7,3,[50],[50],0.6984,87,11.660331193038742,0.0817,15,125.0,1550.0,338.92508736260584
101,500,1,0.04,0.6,0.7,3,[50],[50],0.6833,97,9.940440076813683,0.2128,85,300.0,7150.0,1113.7794270770685
101,500,1,0.04,0.6,0.7,3,[50],[50],0.6887,99,10.529345907202392,0.2466,117,250.0,8325.0,2177.0169353237447
101,500,1,0.04,0.6,0.7,3,[50],[50],0.6899,95,10.70846027617688,0.1855,86,200.0,4675.0,1023.4161127335071
101,500,1,0.04,0.7,0.7,3,[50],[50],0.6846,97,10.052820621038927,0.3236,241,350.0,18475.0,3493.558181200379
101,500,1,0.04,0.7,0.7,3,[50],[50],0.6903,76,10.737347392154483,0.3702,255,825.0,17650.0,4170.408083529593
101,500,1,0.04,0.7,0.7,3,[50],[50],0.69,92,10.680597502016198,0.3984,294,412.5,17850.0,4542.762451414458
101,500,1,0.04,0.8,0.7,3,[50],[50],0.6865,97,10.323391002281756,0.5995,743,75.0,39525.0,13520.6231365274
101,500,1,0.04,0.8,0.7,3,[50],[50],0.6799,98,9.5593824236064,0.5973,758,50.0,39725.0,12442.429706726734
101,500,1,0.04,0.8,0.7,3,[50],[50],0.6947,100,11.269716565263831,0.6076,720,150.0,39825.0,15518.498254942155
101,500,1,0.04,0.9,0.7,3,[50],[50],0.6839,103,9.990578181076115,0.6643,1092,50.0,43125.0,12071.26263446107
101,500,1,0.04,0.9,0.7,3,[50],[50],0.6885,90,10.560996039061498,0.6744,1071,37.5,43525.0,13263.684989706775
101,500,1,0.04,0.9,0.7,3,[50],[50],0.6838,105,10.042445782343757,0.6641,1041,50.0,42475.0,12911.203204521984
101,500,1,0.04,1,0.7,3,[50],[50],0.6862,99,10.296869550009834,0.6862,1221,25.0,43875.0,8144.383058935304
101,500,1,0.04,1,0.7,3,[50],[50],0.6853,91,10.20045142254884,0.6853,1244,25.0,43650.0,8719.875611421412
101,500,1,0.04,1,0.7,3,[50],[50],0.6806,105,9.630608217626001,0.6803,1221,25.0,43075.0,8143.095928068956
101,500,1,0.0004,0.3,0.8,3,[50],[50],0.7819,25,24.32057978069907,0.0001,1,25.0,25.0,0.0
101,500,1,0.0004,0.3,0.8,3,[50],[50],0.7836,23,24.744780946831757,0.0011,1,275.0,275.0,0.0
101,500,1,0.0004,0.3,0.8,3,[50],[50],0.7945,21,26.802342115004972,0.0002,1,50.0,50.0,0.0
101,500,1,0.0004,0.4,0.8,3,[50],[50],0.789,25,25.758943535922896,0.0008,1,200.0,200.0,0.0
101,500,1,0.0004,0.4,0.8,3,[50],[50],0.7824,26,24.383853121539957,0.001,1,250.0,250.0,0.0
101,500,1,0.0004,0.4,0.8,3,[50],[50],0.7802,26,24.065414978211784,0.0001,1,25.0,25.0,0.0
101,500,1,0.0004,0.5,0.8,3,[50],[50],0.7835,24,24.6940603131776,0.0009,1,225.0,225.0,0.0
101,500,1,0.0004,0.5,0.8,3,[50],[50],0.7828,25,24.53512740937287,0.0001,1,25.0,25.0,0.0
101,500,1,0.0004,0.5,0.8,3,[50],[50],0.7778,23,23.568457434611688,0.0049,1,1250.0,1250.0,0.0
101,500,1,0.0004,0.6,0.8,3,[50],[50],0.779,31,23.829648616658606,0.0003,1,75.0,75.0,0.0
101,500,1,0.0004,0.6,0.8,3,[50],[50],0.7824,28,24.477504176170772,0.0271,19,6900.0,6900.0,0.0
101,500,1,0.0004,0.6,0.8,3,[50],[50],0.785,35,24.95295456155697,0.0035,1,900.0,900.0,0.0
101,500,1,0.0004,0.7,0.8,3,[50],[50],0.7837,20,24.667463312641203,0.1314,146,33500.0,33500.0,0.0
101,500,1,0.0004,0.7,0.8,3,[50],[50],0.7907,21,25.97022739369004,0.1731,195,44150.0,44150.0,0.0
101,500,1,0.0004,0.7,0.8,3,[50],[50],0.7865,25,25.207360797995815,0.0002,1,50.0,50.0,0.0
101,500,1,0.0004,0.8,0.8,3,[50],[50],0.7819,23,24.378149540398386,0.1894,228,48300.0,48300.0,0.0
101,500,1,0.0004,0.8,0.8,3,[50],[50],0.782,26,24.408723747786844,0.1863,225,47500.0,47500.0,0.0
101,500,1,0.0004,0.8,0.8,3,[50],[50],0.783,23,24.45321001711589,0.1893,251,48275.0,48275.0,0.0
101,500,1,0.0004,0.9,0.8,3,[50],[50],0.7867,16,25.274714471911874,0.1975,271,50375.0,50375.0,0.0
101,500,1,0.0004,0.9,0.8,3,[50],[50],0.7814,26,24.2493321952019,0.1915,262,48825.0,48825.0,0.0
101,500,1,0.0004,0.9,0.8,3,[50],[50],0.7845,23,24.845458802483044,0.195,280,49725.0,49725.0,0.0
101,500,1,0.0004,1,0.8,3,[50],[50],0.7862,26,25.181329882602334,0.1932,279,49275.0,49275.0,0.0
101,500,1,0.0004,1,0.8,3,[50],[50],0.7844,27,24.859141795060335,0.1933,292,49300.0,49300.0,0.0
101,500,1,0.0004,1,0.8,3,[50],[50],0.7845,22,24.831164125297555,0.1971,281,50275.0,50275.0,0.0
101,500,1,0.002,0.3,0.8,3,[50],[50],0.7855,30,25.039114398581663,0.0025,1,125.0,300.0,101.24228365658294
101,500,1,0.002,0.3,0.8,3,[50],[50],0.7796,21,23.946446359613894,0.0015,1,75.0,100.0,27.386127875258307
101,500,1,0.002,0.3,0.8,3,[50],[50],0.7831,21,24.550457262590776,0.004,1,100.0,475.0,175.64168070250295
101,500,1,0.002,0.4,0.8,3,[50],[50],0.7925,19,26.333126697484445,0.0066,2,350.0,600.0,177.90446874657195
101,500,1,0.002,0.4,0.8,3,[50],[50],0.7825,28,24.490419371282268,0.0037,2,100.0,675.0,245.76411454889015
101,500,1,0.002,0.4,0.8,3,[50],[50],0.7868,32,25.279007001827658,0.0037,1,100.0,500.0,177.90446874657195
101,500,1,0.002,0.5,0.8,3,[50],[50],0.7876,23,25.407431161741158,0.0088,4,225.0,1025.0,425.4409477236529
101,500,1,0.002,0.5,0.8,3,[50],[50],0.7765,25,23.398753049027054,0.0038,1,100.0,450.0,172.04650534085255
101,500,1,0.002,0.5,0.8,3,[50],[50],0.7858,22,25.18515647531645,0.0238,8,475.0,3450.0,1323.8768824932324
101,500,1,0.002,0.6,0.8,3,[50],[50],0.7794,31,23.878899048455125,0.0124,4,325.0,2350.0,864.3783893642876
101,500,1,0.002,0.6,0.8,3,[50],[50],0.7878,22,25.4410340501251,0.0651,48,1450.0,12975.0,4880.532757804213
101,500,1,0.002,0.6,0.8,3,[50],[50],0.7894,25,25.795287960451564,0.0213,8,650.0,2875.0,1115.8628948038374
101,500,1,0.002,0.7,0.8,3,[50],[50],0.7824,32,24.44579879468518,0.4403,442,35225.0,42725.0,3758.7860037813034
101,500,1,0.002,0.7,0.8,3,[50],[50],0.7837,18,24.7351636144983,0.2727,242,12087.5,38800.0,13046.437492664425
101,500,1,0.002,0.7,0.8,3,[50],[50],0.7836,20,24.661543579886857,0.3877,397,22650.0,40100.0,17056.509021485024
101,500,1,0.002,0.8,0.8,3,[50],[50],0.7888,29,25.675533127811523,0.7508,951,47937.5,48100.0,227.33166849341515
101,500,1,0.002,0.8,0.8,3,[50],[50],0.7839,29,24.775368451745017,0.7359,915,47525.0,48400.0,18842.416246331042
101,500,1,0.002,0.8,0.8,3,[50],[50],0.782,25,24.331302070965698,0.7238,907,46087.5,48300.0,1521.5509151848978
101,500,1,0.002,0.9,0.8,3,[50],[50],0.7851,21,24.969774429986245,0.7749,1056,49400.0,50550.0,813.8210414458451
101,500,1,0.002,0.9,0.8,3,[50],[50],0.7848,33,24.828501591633014,0.7709,1070,48925.0,49975.0,19652.34337172033
101,500,1,0.002,0.9,0.8,3,[50],[50],0.7783,28,23.667550717310437,0.7657,1105,48925.0,49575.0,625.3436555207064
101,500,1,0.002,1,0.8,3,[50],[50],0.7835,27,24.63229348825514,0.78,1107,49125.0,50625.0,19739.013399863732
101,500,1,0.002,1,0.8,3,[50],[50],0.7809,27,24.209723002944926,0.7782,1120,49425.0,49875.0,19833.74397333998
101,500,1,0.002,1,0.8,3,[50],[50],0.7841,24,24.769093112305963,0.781,1127,49550.0,50775.0,19906.886999227176
101,500,1,0.04,0.3,0.8,3,[50],[50],0.781,26,24.24131627369053,0.0388,2,75.0,625.0,107.70924474650793
101,500,1,0.04,0.3,0.8,3,[50],[50],0.7866,22,25.226621153414374,0.0322,2,50.0,650.0,92.46396318314842
101,500,1,0.04,0.3,0.8,3,[50],[50],0.7847,22,24.944333231854333,0.0362,2,50.0,475.0,93.37867529979191
101,500,1,0.04,0.4,0.8,3,[50],[50],0.7854,26,24.990539932989186,0.0821,9,125.0,1550.0,322.7486121839514
101,500,1,0.04,0.4,0.8,3,[50],[50],0.7849,28,24.92949051017832,0.0749,12,100.0,2350.0,346.96964894833957
101,500,1,0.04,0.4,0.8,3,[50],[50],0.7872,21,25.37291516404685,0.0658,7,100.0,1275.0,226.34361798328456
101,500,1,0.04,0.5,0.8,3,[50],[50],0.7834,28,24.627208157682112,0.1881,57,312.5,7000.0,1162.883291374164
101,500,1,0.04,0.5,0.8,3,[50],[50],0.778,27,23.632141378863558,0.1762,58,187.5,10675.0,1617.879477841578
101,500,1,0.04,0.5,0.8,3,[50],[50],0.7825,21,24.464715157812776,0.204,72,225.0,8950.0,1495.2250678014645
101,500,1,0.04,0.6,0.8,3,[50],[50],0.789,19,25.643259604973057,0.456,329,225.0,30900.0,10263.27141196287
101,500,1,0.04,0.6,0.8,3,[50],[50],0.7784,27,23.729761151954477,0.3955,265,225.0,23675.0,5324.623872890469
101,500,1,0.04,0.6,0.8,3,[50],[50],0.7916,25,26.21161440047739,0.4792,342,200.0,31850.0,10529.030852955048
101,500,1,0.04,0.7,0.8,3,[50],[50],0.79,19,25.890305965214488,0.7172,825,75.0,46675.0,21956.311099714316
101,500,1,0.04,0.7,0.8,3,[50],[50],0.7737,28,22.908641115224672,0.681,761,225.0,44075.0,21141.845502462646
101,500,1,0.04,0.7,0.8,3,[50],[50],0.7845,32,24.82341935049228,0.7,796,50.0,44950.0,20529.67923007909
101,500,1,0.04,0.8,0.8,3,[50],[50],0.7827,23,24.477169519571596,0.7677,1039,25.0,49450.0,22045.71266859673
101,500,1,0.04,0.8,0.8,3,[50],[50],0.7849,25,24.88650835208834,0.7671,1089,50.0,49225.0,22031.445595455378
101,500,1,0.04,0.8,0.8,3,[50],[50],0.7835,26,24.681909741067198,0.7694,1081,62.5,49550.0,23061.391026483827
101,500,1,0.04,0.9,0.8,3,[50],[50],0.7765,25,23.35801083498342,0.7765,1178,25.0,50075.0,18085.304365699794
101,500,1,0.04,0.9,0.8,3,[50],[50],0.7827,32,24.495069663428314,0.7827,1151,25.0,50125.0,16411.132606785555
101,500,1,0.04,0.9,0.8,3,[50],[50],0.779,24,23.87567647199509,0.779,1228,25.0,50475.0,18403.483185510697
101,500,1,0.04,1,0.8,3,[50],[50],0.7841,16,24.810521003627418,0.7841,1154,50.0,50550.0,21559.116525755264
101,500,1,0.04,1,0.8,3,[50],[50],0.7887,20,25.6745694159209,0.7887,1151,25.0,50625.0,20053.573715176055
101,500,1,0.04,1,0.8,3,[50],[50],0.7767,32,23.37214219185738,0.7767,1190,25.0,49725.0,16278.064538876726
101,500,1,0.0004,0.3,0.9,3,[50],[50],0.8863,6,49.0549116590717,0.0001,1,25.0,25.0,0.0
101,500,1,0.0004,0.3,0.9,3,[50],[50],0.8839,6,48.36275025542107,0.0001,1,25.0,25.0,0.0
101,500,1,0.0004,0.3,0.9,3,[50],[50],0.8841,6,48.42374591777552,0.0003,1,75.0,75.0,0.0
101,500,1,0.0004,0.4,0.9,3,[50],[50],0.8805,8,47.3300226774664,0.0001,1,25.0,25.0,0.0
101,500,1,0.0004,0.4,0.9,3,[50],[50],0.8762,7,46.077946240987075,0.0025,1,650.0,650.0,0.0
101,500,1,0.0004,0.4,0.9,3,[50],[50],0.8865,6,49.14958039762747,0.0001,1,25.0,25.0,0.0
101,500,1,0.0004,0.5,0.9,3,[50],[50],0.8801,7,47.17733611873243,0.0044,2,1125.0,1125.0,0.0
101,500,1,0.0004,0.5,0.9,3,[50],[50],0.88,4,47.29091160886356,0.0009,1,225.0,225.0,0.0
101,500,1,0.0004,0.5,0.9,3,[50],[50],0.8831,4,48.08748978912277,0.0072,5,1825.0,1825.0,0.0
101,500,1,0.0004,0.6,0.9,3,[50],[50],0.879,5,46.97416108295488,0.0011,1,275.0,275.0,0.0
101,500,1,0.0004,0.6,0.9,3,[50],[50],0.8772,6,46.41602848196102,0.0498,30,12700.0,12700.0,0.0
101,500,1,0.0004,0.6,0.9,3,[50],[50],0.8796,6,47.04832033804994,0.183,123,46675.0,46675.0,0.0
101,500,1,0.0004,0.7,0.9,3,[50],[50],0.8807,7,47.42255848039814,0.2109,170,53775.0,53775.0,0.0
101,500,1,0.0004,0.7,0.9,3,[50],[50],0.8816,4,47.64214945526846,0.2011,178,51275.0,51275.0,0.0
101,500,1,0.0004,0.7,0.9,3,[50],[50],0.8831,5,48.180220345968216,0.2153,167,54900.0,54900.0,0.0
101,500,1,0.0004,0.8,0.9,3,[50],[50],0.8792,4,46.97242644419537,0.2155,196,54950.0,54950.0,0.0
101,500,1,0.0004,0.8,0.9,3,[50],[50],0.8848,6,48.59105113475846,0.2193,172,55925.0,55925.0,0.0
101,500,1,0.0004,0.8,0.9,3,[50],[50],0.8853,4,48.813252644701755,0.217,159,55350.0,55350.0,0.0
101,500,1,0.0004,0.9,0.9,3,[50],[50],0.8774,5,46.49064829567936,0.2179,198,55575.0,55575.0,0.0
101,500,1,0.0004,0.9,0.9,3,[50],[50],0.8805,8,47.376086154514795,0.2176,214,55500.0,55500.0,0.0
101,500,1,0.0004,0.9,0.9,3,[50],[50],0.8799,6,47.19464775405825,0.2182,193,55650.0,55650.0,0.0
101,500,1,0.0004,1,0.9,3,[50],[50],0.8819,4,47.75091874605999,0.2216,182,56525.0,56525.0,0.0
101,500,1,0.0004,1,0.9,3,[50],[50],0.8832,6,48.09633279108172,0.2229,179,56850.0,56850.0,0.0
101,500,1,0.0004,1,0.9,3,[50],[50],0.884,5,48.39249217083101,0.22,204,56100.0,56100.0,0.0
101,500,1,0.002,0.3,0.9,3,[50],[50],0.8839,7,48.4425534394342,0.0016,1,50.0,250.0,85.73214099741124
101,500,1,0.002,0.3,0.9,3,[50],[50],0.8838,4,48.37789486184138,0.0038,1,112.5,700.0,265.97403538691515
101,500,1,0.002,0.3,0.9,3,[50],[50],0.8774,5,46.39290025799553,0.0021,2,125.0,200.0,62.048368229954285
101,500,1,0.002,0.4,0.9,3,[50],[50],0.885,4,48.689382588640164,0.007,1,225.0,925.0,315.19835024948975
101,500,1,0.002,0.4,0.9,3,[50],[50],0.8837,7,48.2787811443556,0.014,4,150.0,2675.0,1002.3223034533353
101,500,1,0.002,0.4,0.9,3,[50],[50],0.8788,7,46.954864366000216,0.0042,1,50.0,725.0,264.85845276298056
101,500,1,0.002,0.5,0.9,3,[50],[50],0.8832,4,48.16354334059319,0.0558,22,1075.0,10175.0,3789.967018326149
101,500,1,0.002,0.5,0.9,3,[50],[50],0.8825,7,47.93118544422851,0.05,27,150.0,9350.0,3610.36701735433
101,500,1,0.002,0.5,0.9,3,[50],[50],0.8809,6,47.423315405966335,0.0027,1,75.0,325.0,124.09673645990857
101,500,1,0.002,0.6,0.9,3,[50],[50],0.883,6,48.043692577948086,0.3689,243,9175.0,44825.0,19160.255739420598
101,500,1,0.002,0.6,0.9,3,[50],[50],0.8794,6,47.138369600578166,0.4988,374,39287.5,48425.0,18632.90939440215
101,500,1,0.002,0.6,0.9,3,[50],[50],0.8854,8,48.806148817852026,0.2361,168,15075.0,45100.0,18737.243808937204
101,500,1,0.002,0.7,0.9,3,[50],[50],0.8821,6,47.86343360692181,0.8416,708,53875.0,54150.0,551.8081074975249
101,500,1,0.002,0.7,0.9,3,[50],[50],0.8802,10,47.321106648890584,0.8349,698,53325.0,53850.0,531.6175199332694
101,500,1,0.002,0.7,0.9,3,[50],[50],0.881,7,47.48410845458494,0.8327,676,53000.0,53625.0,341.6412592179112
101,500,1,0.002,0.8,0.9,3,[50],[50],0.8851,4,48.63795833783956,0.8761,738,55875.0,56000.0,121.67451458707366
101,500,1,0.002,0.8,0.9,3,[50],[50],0.884,6,48.39304332555402,0.877,745,55825.0,56500.0,371.02055199139573
101,500,1,0.002,0.8,0.9,3,[50],[50],0.8835,6,48.16017047229799,0.8739,729,55800.0,56250.0,453.24351898289734
101,500,1,0.002,0.9,0.9,3,[50],[50],0.8864,7,49.094723014089205,0.8847,705,56550.0,56825.0,465.4886545341358
101,500,1,0.002,0.9,0.9,3,[50],[50],0.8842,5,48.48318702130662,0.8821,752,56200.0,56900.0,526.0406353125203
101,500,1,0.002,0.9,0.9,3,[50],[50],0.8792,5,46.983256275961196,0.8769,756,55850.0,56350.0,284.70104934825935
101,500,1,0.002,1,0.9,3,[50],[50],0.8798,4,47.20890650151046,0.8798,791,55912.5,56675.0,336.0501264692516
101,500,1,0.002,1,0.9,3,[50],[50],0.8818,8,47.78041482286667,0.8815,759,56150.0,56350.0,22467.880407372653
101,500,1,0.002,1,0.9,3,[50],[50],0.8826,6,48.01633237269692,0.8825,744,56250.0,56575.0,22493.369022892057
101,500,1,0.04,0.3,0.9,3,[50],[50],0.885,4,48.72150540946309,0.0477,5,75.0,825.0,148.2936479607938
101,500,1,0.04,0.3,0.9,3,[50],[50],0.8786,7,46.78983497158833,0.0523,3,75.0,1150.0,199.5808757159791
101,500,1,0.04,0.3,0.9,3,[50],[50],0.8816,6,47.63643552035649,0.0433,1,75.0,775.0,118.02547952268024
101,500,1,0.04,0.4,0.9,3,[50],[50],0.8817,6,47.66693054832606,0.1169,26,150.0,4700.0,640.1513661832627
101,500,1,0.04,0.4,0.9,3,[50],[50],0.8749,8,45.720479548446505,0.1288,19,175.0,3225.0,523.506737665104
101,500,1,0.04,0.4,0.9,3,[50],[50],0.882,5,47.757500576417456,0.0955,14,175.0,1725.0,338.4382691395
101,500,1,0.04,0.5,0.9,3,[50],[50],0.8841,5,48.39974052703997,0.4309,214,125.0,29575.0,8012.499956664933
101,500,1,0.04,0.5,0.9,3,[50],[50],0.8791,8,46.98719550198612,0.4079,203,600.0,30875.0,7352.505498038885
101,500,1,0.04,0.5,0.9,3,[50],[50],0.8826,4,47.940863745879156,0.3227,122,325.0,16100.0,3841.0539799353023
101,500,1,0.04,0.6,0.9,3,[50],[50],0.8799,9,47.01472420128173,0.7537,631,125.0,50775.0,23499.831914292492
101,500,1,0.04,0.6,0.9,3,[50],[50],0.8754,6,45.82728706922977,0.7473,595,50.0,48525.0,23632.46354769924
101,500,1,0.04,0.6,0.9,3,[50],[50],0.8802,8,47.335538920941644,0.7836,617,48700.0,51225.0,23520.796058429278
101,500,1,0.04,0.7,0.9,3,[50],[50],0.8846,6,48.604063421044465,0.8639,727,54650.0,56000.0,22026.549888713846
101,500,1,0.04,0.7,0.9,3,[50],[50],0.8836,7,48.226642286601574,0.8654,758,55100.0,55775.0,22035.92861669324
101,500,1,0.04,0.7,0.9,3,[50],[50],0.8794,9,46.998096233101435,0.8586,777,54250.0,55325.0,27056.774680705184
101,500,1,0.04,0.8,0.9,3,[50],[50],0.8762,5,46.12709146601094,0.8762,781,55675.0,56500.0,22335.339710870754
101,500,1,0.04,0.8,0.9,3,[50],[50],0.8797,6,47.1214970174335,0.8794,783,56050.0,56125.0,22415.02509478854
101,500,1,0.04,0.8,0.9,3,[50],[50],0.8837,6,48.272717063465805,0.8837,764,55925.0,56925.0,26545.788860947418
101,500,1,0.04,0.9,0.9,3,[50],[50],0.886,5,48.88119737529517,0.886,757,56225.0,57025.0,22585.291674007665
101,500,1,0.04,0.9,0.9,3,[50],[50],0.8796,6,47.1559382409603,0.8796,779,55725.0,56475.0,26394.73491531976
101,500,1,0.04,0.9,0.9,3,[50],[50],0.8811,6,47.585737428906825,0.8811,750,55912.5,56450.0,26464.347085591715
101,500,1,0.04,1,0.9,3,[50],[50],0.8822,4,47.85829545065198,0.8822,768,56225.0,56525.0,189.8807191370414
101,500,1,0.04,1,0.9,3,[50],[50],0.8868,5,49.226261001085135,0.8868,734,56375.0,56925.0,22592.545230672884
101,500,1,0.04,1,0.9,3,[50],[50],0.8855,5,48.777434926679966,0.8855,746,56425.0,56575.0,22570.182763991965
101,500,1,0.0004,0.3,1,3,[50],[50],0.9803,4,88.00109156700947,0.0018,1,450.0,450.0,0.0
101,500,1,0.0004,0.3,1,3,[50],[50],0.9803,4,88.00109156700947,0.0003,1,75.0,75.0,0.0
101,500,1,0.0004,0.3,1,3,[50],[50],0.9803,4,88.00109156700947,0.0001,1,25.0,25.0,0.0
101,500,1,0.0004,0.4,1,3,[50],[50],0.9803,4,88.00109156700947,0.0038,2,975.0,975.0,0.0
101,500,1,0.0004,0.4,1,3,[50],[50],0.9803,4,88.00109156700947,0.0002,1,50.0,50.0,0.0
101,500,1,0.0004,0.4,1,3,[50],[50],0.9803,4,88.00109156700947,0.0001,1,25.0,25.0,0.0
101,500,1,0.0004,0.5,1,3,[50],[50],0.9803,4,88.00109156700947,0.0147,8,3750.0,3750.0,0.0
101,500,1,0.0004,0.5,1,3,[50],[50],0.9803,4,88.00109156700947,0.0001,1,25.0,25.0,0.0
101,500,1,0.0004,0.5,1,3,[50],[50],0.9803,4,88.00109156700947,0.0064,1,1625.0,1625.0,0.0
101,500,1,0.0004,0.6,1,3,[50],[50],0.9803,4,88.00109156700947,0.2237,72,57050.0,57050.0,0.0
101,500,1,0.0004,0.6,1,3,[50],[50],0.9803,4,88.00109156700947,0.2295,67,58525.0,58525.0,0.0
101,500,1,0.0004,0.6,1,3,[50],[50],0.9803,4,88.00109156700947,0.2277,71,58075.0,58075.0,0.0
101,500,1,0.0004,0.7,1,3,[50],[50],0.9803,4,88.00109156700947,0.2426,16,61875.0,61875.0,0.0
101,500,1,0.0004,0.7,1,3,[50],[50],0.9803,4,88.00109156700947,0.2412,24,61500.0,61500.0,0.0
101,500,1,0.0004,0.7,1,3,[50],[50],0.9803,4,88.00109156700947,0.2427,15,61900.0,61900.0,0.0
101,500,1,0.0004,0.8,1,3,[50],[50],0.9803,4,88.00109156700947,0.2441,8,62250.0,62250.0,0.0
101,500,1,0.0004,0.8,1,3,[50],[50],0.9803,4,88.00109156700947,0.2442,6,62275.0,62275.0,0.0
101,500,1,0.0004,0.8,1,3,[50],[50],0.9803,4,88.00109156700947,0.2442,8,62275.0,62275.0,0.0
101,500,1,0.0004,0.9,1,3,[50],[50],0.9803,4,88.00109156700947,0.2451,1,62500.0,62500.0,0.0
101,500,1,0.0004,0.9,1,3,[50],[50],0.9803,4,88.00109156700947,0.245,2,62475.0,62475.0,0.0
101,500,1,0.0004,0.9,1,3,[50],[50],0.9803,4,88.00109156700947,0.2451,1,62500.0,62500.0,0.0
101,500,1,0.0004,1,1,3,[50],[50],0.9803,4,88.00109156700947,0.2451,1,62500.0,62500.0,0.0
101,500,1,0.0004,1,1,3,[50],[50],0.9803,4,88.00109156700947,0.2451,1,62500.0,62500.0,0.0
101,500,1,0.0004,1,1,3,[50],[50],0.9803,4,88.00109156700947,0.2451,1,62500.0,62500.0,0.0
101,500,1,0.002,0.3,1,3,[50],[50],0.9803,4,88.00109156700947,0.0028,1,100.0,425.0,144.39529078193652
101,500,1,0.002,0.3,1,3,[50],[50],0.9803,4,88.00109156700947,0.001,1,25.0,125.0,38.72983346207417
101,500,1,0.002,0.3,1,3,[50],[50],0.9803,4,88.00109156700947,0.0057,1,325.0,600.0,223.94195676558692
101,500,1,0.002,0.4,1,3,[50],[50],0.9803,4,88.00109156700947,0.0086,2,175.0,1300.0,468.9349635077342
101,500,1,0.002,0.4,1,3,[50],[50],0.9803,4,88.00109156700947,0.0145,7,725.0,1625.0,548.0875842417888
101,500,1,0.002,0.4,1,3,[50],[50],0.9803,4,88.00109156700947,0.0281,10,775.0,3250.0,1416.2097302306604
101,500,1,0.002,0.5,1,3,[50],[50],0.9803,4,88.00109156700947,0.1731,52,8962.5,26000.0,9407.086756802022
101,500,1,0.002,0.5,1,3,[50],[50],0.9803,4,88.00109156700947,0.2518,95,3200.0,37750.0,15035.245259057134
101,500,1,0.002,0.5,1,3,[50],[50],0.9803,4,88.00109156700947,0.1755,65,5787.5,33150.0,12997.481727242397
101,500,1,0.002,0.6,1,3,[50],[50],0.9803,4,88.00109156700947,0.6869,177,58050.0,59050.0,25274.983772249983
101,500,1,0.002,0.6,1,3,[50],[50],0.9803,4,88.00109156700947,0.9131,259,58700.0,58875.0,939.9758972973722
101,500,1,0.002,0.6,1,3,[50],[50],0.9803,4,88.00109156700947,0.8982,241,57587.5,58650.0,1401.0459262636612
101,500,1,0.002,0.7,1,3,[50],[50],0.9803,4,88.00109156700947,0.9678,84,61700.0,61800.0,71.53451963912248
101,500,1,0.002,0.7,1,3,[50],[50],0.9803,4,88.00109156700947,0.9648,102,61425.0,61900.0,245.90394466132503
101,500,1,0.002,0.7,1,3,[50],[50],0.9803,4,88.00109156700947,0.9653,95,61512.5,61900.0,236.09783459405128
101,500,1,0.002,0.8,1,3,[50],[50],0.9803,4,88.00109156700947,0.9777,21,62337.5,62425.0,67.3145600891813
101,500,1,0.002,0.8,1,3,[50],[50],0.9803,4,88.00109156700947,0.9766,25,62275.0,62400.0,119.2424001771182
101,500,1,0.002,0.8,1,3,[50],[50],0.9803,4,88.00109156700947,0.9776,22,62337.5,62400.0,59.6212000885591
101,500,1,0.002,0.9,1,3,[50],[50],0.9803,4,88.00109156700947,0.9803,1,62500.0,62500.0,0.0
101,500,1,0.002,0.9,1,3,[50],[50],0.9803,4,88.00109156700947,0.9799,5,62475.0,62500.0,25.0
101,500,1,0.002,0.9,1,3,[50],[50],0.9803,4,88.00109156700947,0.9802,2,62500.0,62500.0,10.825317547305483
101,500,1,0.002,1,1,3,[50],[50],0.9803,4,88.00109156700947,0.9803,1,62500.0,62500.0,0.0
101,500,1,0.002,1,1,3,[50],[50],0.9803,4,88.00109156700947,0.9803,1,62500.0,62500.0,0.0
101,500,1,0.002,1,1,3,[50],[50],0.9803,4,88.00109156700947,0.9803,1,62500.0,62500.0,0.0
101,500,1,0.04,0.3,1,3,[50],[50],0.9803,4,88.00109156700947,0.0539,4,75.0,875.0,162.91711796057913
101,500,1,0.04,0.3,1,3,[50],[50],0.9803,4,88.00109156700947,0.0629,8,75.0,1450.0,270.4728370013439
101,500,1,0.04,0.3,1,3,[50],[50],0.9803,4,88.00109156700947,0.0582,3,100.0,625.0,153.25427200483517
101,500,1,0.04,0.4,1,3,[50],[50],0.9803,4,88.00109156700947,0.1966,46,250.0,5650.0,1098.0245671252087
101,500,1,0.04,0.4,1,3,[50],[50],0.9803,4,88.00109156700947,0.2382,67,212.5,14025.0,2178.159262696059
101,500,1,0.04,0.4,1,3,[50],[50],0.9803,4,88.00109156700947,0.2731,91,325.0,16250.0,2384.209102344942
101,500,1,0.04,0.5,1,3,[50],[50],0.9803,4,88.00109156700947,0.7606,364,46225.0,50725.0,23956.492771655187
101,500,1,0.04,0.5,1,3,[50],[50],0.9803,4,88.00109156700947,0.7856,385,48700.0,52025.0,24692.499687482563
101,500,1,0.04,0.5,1,3,[50],[50],0.9803,4,88.00109156700947,0.7775,391,24787.5,49475.0,24485.358946406624
101,500,1,0.04,0.6,1,3,[50],[50],0.9803,4,88.00109156700947,0.9428,205,60012.5,60825.0,448.7830767754061
101,500,1,0.04,0.6,1,3,[50],[50],0.9803,4,88.00109156700947,0.9465,192,60200.0,60975.0,373.9046502786506
101,500,1,0.04,0.6,1,3,[50],[50],0.9803,4,88.00109156700947,0.9373,218,59650.0,60225.0,23841.60963525743
101,500,1,0.04,0.7,1,3,[50],[50],0.9803,4,88.00109156700947,0.9771,26,62300.0,62375.0,71.53451963912248
101,500,1,0.04,0.7,1,3,[50],[50],0.9803,4,88.00109156700947,0.9766,28,62250.0,62375.0,73.9509972887452
101,500,1,0.04,0.7,1,3,[50],[50],0.9803,4,88.00109156700947,0.9786,15,62400.0,62450.0,44.633927678392816
101,500,1,0.04,0.8,1,3,[50],[50],0.9803,4,88.00109156700947,0.9803,1,62500.0,62500.0,0.0
101,500,1,0.04,0.8,1,3,[50],[50],0.9803,4,88.00109156700947,0.9803,1,62500.0,62500.0,0.0
101,500,1,0.04,0.8,1,3,[50],[50],0.9803,4,88.00109156700947,0.9803,1,62500.0,62500.0,0.0
101,500,1,0.04,0.9,1,3,[50],[50],0.9803,4,88.00109156700947,0.9803,1,62500.0,62500.0,0.0
101,500,1,0.04,0.9,1,3,[50],[50],0.9803,4,88.00109156700947,0.9803,1,62500.0,62500.0,0.0
101,500,1,0.04,0.9,1,3,[50],[50],0.9803,4,88.00109156700947,0.9803,1,62500.0,62500.0,0.0
101,500,1,0.04,1,1,3,[50],[50],0.9803,4,88.00109156700947,0.9803,1,62500.0,62500.0,0.0
101,500,1,0.04,1,1,3,[50],[50],0.9803,4,88.00109156700947,0.9803,1,62500.0,62500.0,0.0
101,500,1,0.04,1,1,3,[50],[50],0.9803,4,88.00109156700947,0.9803,1,62500.0,62500.0,0.0
