grid_size,grid_res,years,mu,p_spread,rho,n_repeats,initial_flammable_fraction,initial_num_flammable_clusters,burned_fraction,num_fires,median_fire_size_ha,max_fire_size_ha,sd_fire_size_ha
100,500,1,0.0004,0.3,0.1,3,0.1053,830,0.0001,1,25.0,25.0,0.0
100,500,1,0.0004,0.3,0.1,3,0.1013,819,0.0001,1,25.0,25.0,0.0
100,500,1,0.0004,0.3,0.1,3,0.0967,796,0.0001,1,25.0,25.0,0.0
100,500,1,0.0004,0.4,0.1,3,0.0978,803,0.0001,1,25.0,25.0,0.0
100,500,1,0.0004,0.4,0.1,3,0.0985,785,0.0002,1,50.0,50.0,0.0
100,500,1,0.0004,0.4,0.1,3,0.1014,816,0.0001,1,25.0,25.0,0.0
100,500,1,0.0004,0.5,0.1,3,0.105,843,0.0002,1,50.0,50.0,0.0
100,500,1,0.0004,0.5,0.1,3,0.1022,811,0.0001,1,25.0,25.0,0.0
100,500,1,0.0004,0.5,0.1,3,0.1007,785,0.0002,1,50.0,50.0,0.0
100,500,1,0.0004,0.6,0.1,3,0.0956,783,0.0001,1,25.0,25.0,0.0
100,500,1,0.0004,0.6,0.1,3,0.1028,813,0.0001,1,25.0,25.0,0.0
100,500,1,0.0004,0.6,0.1,3,0.0991,810,0.0001,1,25.0,25.0,0.0
100,500,1,0.0004,0.7,0.1,3,0.1007,789,0.0001,1,25.0,25.0,0.0
100,500,1,0.0004,0.7,0.1,3,0.0985,785,0.0001,1,25.0,25.0,0.0
100,500,1,0.0004,0.7,0.1,3,0.0993,782,0.0001,1,25.0,25.0,0.0
100,500,1,0.0004,0.8,0.1,3,0.0989,794,0.0001,1,25.0,25.0,0.0
100,500,1,0.0004,0.8,0.1,3,0.1024,823,0.0001,1,25.0,25.0,0.0
100,500,1,0.0004,0.8,0.1,3,0.1003,787,0.0001,1,25.0,25.0,0.0
100,500,1,0.0004,0.9,0.1,3,0.1012,801,0.0003,1,75.0,75.0,0.0
100,500,1,0.0004,0.9,0.1,3,0.0981,792,0.0001,1,25.0,25.0,0.0
100,500,1,0.0004,0.9,0.1,3,0.1004,824,0.0001,1,25.0,25.0,0.0
100,500,1,0.0004,1,0.1,3,0.1021,831,0.0001,1,25.0,25.0,0.0
100,500,1,0.0004,1,0.1,3,0.1041,840,0.0001,1,25.0,25.0,0.0
100,500,1,0.0004,1,0.1,3,0.1005,805,0.0001,1,25.0,25.0,0.0
100,500,1,0.002,0.3,0.1,3,0.0996,790,0.0008,5,25.0,75.0,20.0
100,500,1,0.002,0.3,0.1,3,0.0978,774,0.001,5,50.0,100.0,27.386127875258307
100,500,1,0.002,0.3,0.1,3,0.0999,823,0.0005,5,25.0,25.0,0.0
100,500,1,0.002,0.4,0.1,3,0.1005,785,0.0005,5,25.0,25.0,0.0
100,500,1,0.002,0.4,0.1,3,0.1011,811,0.0005,5,25.0,25.0,0.0
100,500,1,0.002,0.4,0.1,3,0.0927,765,0.0005,5,25.0,25.0,0.0
100,500,1,0.002,0.5,0.1,3,0.0978,787,0.0009,5,50.0,50.0,10.0
100,500,1,0.002,0.5,0.1,3,0.1017,802,0.0006,5,25.0,50.0,10.0
100,500,1,0.002,0.5,0.1,3,0.0957,782,0.0005,5,25.0,25.0,0.0
100,500,1,0.002,0.6,0.1,3,0.0986,782,0.0009,5,25.0,100.0,29.154759474226502
100,500,1,0.002,0.6,0.1,3,0.1003,790,0.0007,5,25.0,50.0,12.24744871391589
100,500,1,0.002,0.6,0.1,3,0.0968,779,0.0011,5,50.0,75.0,18.708286933869708
100,500,1,0.002,0.7,0.1,3,0.1006,813,0.0008,5,25.0,75.0,20.0
100,500,1,0.002,0.7,0.1,3,0.1048,828,0.0005,5,25.0,25.0,0.0
100,500,1,0.002,0.7,0.1,3,0.1016,824,0.0006,5,25.0,50.0,10.0
100,500,1,0.002,0.8,0.1,3,0.1039,829,0.0006,5,25.0,50.0,10.0
100,500,1,0.002,0.8,0.1,3,0.0984,806,0.0007,5,25.0,75.0,20.0
100,500,1,0.002,0.8,0.1,3,0.1054,827,0.0008,5,50.0,50.0,12.24744871391589
100,500,1,0.002,0.9,0.1,3,0.0993,777,0.0005,5,25.0,25.0,0.0
100,500,1,0.002,0.9,0.1,3,0.0992,813,0.0006,5,25.0,50.0,10.0
100,500,1,0.002,0.9,0.1,3,0.0989,805,0.0009,5,25.0,125.0,40.0
100,500,1,0.002,1,0.1,3,0.0987,801,0.0007,5,25.0,50.0,12.24744871391589
100,500,1,0.002,1,0.1,3,0.1015,831,0.0011,5,25.0,125.0,40.0
100,500,1,0.002,1,0.1,3,0.102,809,0.0006,5,25.0,50.0,10.0
100,500,1,0.04,0.3,0.1,3,0.0982,791,0.0113,97,25.0,75.0,12.268690964342168
100,500,1,0.04,0.3,0.1,3,0.0997,816,0.0111,99,25.0,50.0,8.159340616870463
100,500,1,0.04,0.3,0.1,3,0.105,840,0.0117,98,25.0,100.0,13.19891155130258
100,500,1,0.04,0.4,0.1,3,0.1024,827,0.0117,98,25.0,75.0,11.65958661431269
100,500,1,0.04,0.4,0.1,3,0.0988,820,0.0117,98,25.0,100.0,13.19891155130258
100,500,1,0.04,0.4,0.1,3,0.1025,812,0.0111,97,25.0,125.0,12.938041647434156
100,500,1,0.04,0.5,0.1,3,0.0996,815,0.0117,97,25.0,100.0,12.912345412242628
100,500,1,0.04,0.5,0.1,3,0.0995,797,0.0132,99,25.0,100.0,17.041245271518168
100,500,1,0.04,0.5,0.1,3,0.0939,761,0.0119,100,25.0,100.0,12.090802289343747
100,500,1,0.04,0.6,0.1,3,0.0985,789,0.0123,100,25.0,75.0,12.173228823939851
100,500,1,0.04,0.6,0.1,3,0.0962,766,0.0132,99,25.0,100.0,17.40776559556978
100,500,1,0.04,0.6,0.1,3,0.0983,806,0.0134,100,25.0,100.0,16.28649747490233
100,500,1,0.04,0.7,0.1,3,0.1012,813,0.0135,96,25.0,100.0,18.249616505673938
100,500,1,0.04,0.7,0.1,3,0.0995,798,0.0142,100,25.0,100.0,19.09842925478428
100,500,1,0.04,0.7,0.1,3,0.0972,781,0.0134,100,25.0,125.0,19.11151485361639
100,500,1,0.04,0.8,0.1,3,0.0992,800,0.0137,100,25.0,125.0,18.925842121290138
100,500,1,0.04,0.8,0.1,3,0.098,798,0.0138,99,25.0,125.0,20.043570538368108
100,500,1,0.04,0.8,0.1,3,0.1009,793,0.0135,99,25.0,150.0,18.954539398783034
100,500,1,0.04,0.9,0.1,3,0.1055,812,0.0157,100,25.0,125.0,20.99255820523073
100,500,1,0.04,0.9,0.1,3,0.1021,825,0.014,100,25.0,125.0,19.364916731037084
100,500,1,0.04,0.9,0.1,3,0.1029,815,0.0154,100,25.0,200.0,25.59785147234041
100,500,1,0.04,1,0.1,3,0.0985,804,0.0156,100,25.0,175.0,24.576411454889016
100,500,1,0.04,1,0.1,3,0.0967,764,0.0145,100,25.0,175.0,21.0282548015759
100,500,1,0.04,1,0.1,3,0.1019,830,0.0147,100,25.0,125.0,20.141685629559408
100,500,1,0.0004,0.3,0.2,3,0.1931,1190,0.0002,1,50.0,50.0,0.0
100,500,1,0.0004,0.3,0.2,3,0.1979,1216,0.0001,1,25.0,25.0,0.0
100,500,1,0.0004,0.3,0.2,3,0.1996,1252,0.0001,1,25.0,25.0,0.0
100,500,1,0.0004,0.4,0.2,3,0.2048,1189,0.0001,1,25.0,25.0,0.0
100,500,1,0.0004,0.4,0.2,3,0.1987,1184,0.0001,1,25.0,25.0,0.0
100,500,1,0.0004,0.4,0.2,3,0.2038,1236,0.0001,1,25.0,25.0,0.0
100,500,1,0.0004,0.5,0.2,3,0.1989,1212,0.0001,1,25.0,25.0,0.0
100,500,1,0.0004,0.5,0.2,3,0.2021,1247,0.0001,1,25.0,25.0,0.0
100,500,1,0.0004,0.5,0.2,3,0.1995,1213,0.0001,1,25.0,25.0,0.0
100,500,1,0.0004,0.6,0.2,3,0.2019,1245,0.0006,1,150.0,150.0,0.0
100,500,1,0.0004,0.6,0.2,3,0.2007,1214,0.0002,1,50.0,50.0,0.0
100,500,1,0.0004,0.6,0.2,3,0.2009,1210,0.0002,1,50.0,50.0,0.0
100,500,1,0.0004,0.7,0.2,3,0.2005,1219,0.0002,1,50.0,50.0,0.0
100,500,1,0.0004,0.7,0.2,3,0.2009,1245,0.0002,1,50.0,50.0,0.0
100,500,1,0.0004,0.7,0.2,3,0.2026,1187,0.0003,1,75.0,75.0,0.0
100,500,1,0.0004,0.8,0.2,3,0.2004,1251,0.0001,1,25.0,25.0,0.0
100,500,1,0.0004,0.8,0.2,3,0.2002,1244,0.0001,1,25.0,25.0,0.0
100,500,1,0.0004,0.8,0.2,3,0.1898,1180,0.0004,1,100.0,100.0,0.0
100,500,1,0.0004,0.9,0.2,3,0.2021,1223,0.0002,1,50.0,50.0,0.0
100,500,1,0.0004,0.9,0.2,3,0.2053,1241,0.0003,1,75.0,75.0,0.0
100,500,1,0.0004,0.9,0.2,3,0.2025,1191,0.0001,1,25.0,25.0,0.0
100,500,1,0.0004,1,0.2,3,0.201,1226,0.0004,1,100.0,100.0,0.0
100,500,1,0.0004,1,0.2,3,0.1991,1202,0.0002,1,50.0,50.0,0.0
100,500,1,0.0004,1,0.2,3,0.204,1208,0.0001,1,25.0,25.0,0.0
100,500,1,0.002,0.3,0.2,3,0.2033,1248,0.0007,5,25.0,50.0,12.24744871391589
100,500,1,0.002,0.3,0.2,3,0.1984,1220,0.0006,5,25.0,50.0,10.0
100,500,1,0.002,0.3,0.2,3,0.1941,1191,0.0008,5,50.0,50.0,12.24744871391589
100,500,1,0.002,0.4,0.2,3,0.2056,1248,0.0007,5,25.0,50.0,12.24744871391589
100,500,1,0.002,0.4,0.2,3,0.2059,1241,0.0009,5,50.0,75.0,18.708286933869708
100,500,1,0.002,0.4,0.2,3,0.1973,1230,0.0008,5,25.0,75.0,20.0
100,500,1,0.002,0.5,0.2,3,0.1969,1205,0.0009,5,25.0,100.0,29.154759474226502
100,500,1,0.002,0.5,0.2,3,0.2024,1253,0.0005,5,25.0,25.0,0.0
100,500,1,0.002,0.5,0.2,3,0.1986,1221,0.0012,5,50.0,75.0,12.24744871391589
100,500,1,0.002,0.6,0.2,3,0.193,1217,0.0008,5,25.0,75.0,20.0
100,500,1,0.002,0.6,0.2,3,0.1974,1203,0.0012,5,25.0,150.0,48.98979485566356
100,500,1,0.002,0.6,0.2,3,0.1982,1217,0.0013,5,25.0,150.0,51.478150704935004
100,500,1,0.002,0.7,0.2,3,0.1998,1218,0.0011,5,50.0,100.0,24.49489742783178
100,500,1,0.002,0.7,0.2,3,0.2002,1259,0.0005,5,25.0,25.0,0.0
100,500,1,0.002,0.7,0.2,3,0.2066,1232,0.0006,5,25.0,50.0,10.0
100,500,1,0.002,0.8,0.2,3,0.1977,1235,0.0012,5,50.0,125.0,37.416573867739416
100,500,1,0.002,0.8,0.2,3,0.2073,1228,0.0019,5,100.0,150.0,33.166247903554
100,500,1,0.002,0.8,0.2,3,0.1984,1187,0.0007,5,25.0,75.0,20.0
100,500,1,0.002,0.9,0.2,3,0.2016,1222,0.0014,5,50.0,125.0,29.154759474226502
100,500,1,0.002,0.9,0.2,3,0.1942,1236,0.0012,5,50.0,125.0,37.416573867739416
100,500,1,0.002,0.9,0.2,3,0.2041,1219,0.0028,5,75.0,425.0,146.28738838327794
100,500,1,0.002,1,0.2,3,0.2005,1199,0.0008,5,25.0,75.0,20.0
100,500,1,0.002,1,0.2,3,0.1982,1175,0.0019,5,100.0,150.0,40.0
100,500,1,0.002,1,0.2,3,0.1965,1214,0.0011,5,50.0,125.0,36.742346141747674
100,500,1,0.04,0.3,0.2,3,0.2031,1243,0.013,98,25.0,100.0,15.47525600826847
100,500,1,0.04,0.3,0.2,3,0.1994,1234,0.0132,98,25.0,100.0,16.012606965791033
100,500,1,0.04,0.3,0.2,3,0.1993,1206,0.0118,98,25.0,75.0,11.270776548150264
100,500,1,0.04,0.4,0.2,3,0.2032,1205,0.0142,98,25.0,150.0,20.241667780487113
100,500,1,0.04,0.4,0.2,3,0.1984,1255,0.0125,100,25.0,100.0,15.562374497485916
100,500,1,0.04,0.4,0.2,3,0.2022,1218,0.0137,98,25.0,125.0,19.476502037373866
100,500,1,0.04,0.5,0.2,3,0.2008,1237,0.016,97,25.0,125.0,24.092079887735657
100,500,1,0.04,0.5,0.2,3,0.2013,1235,0.0159,100,25.0,125.0,23.47738273317535
100,500,1,0.04,0.5,0.2,3,0.1945,1236,0.0145,98,25.0,150.0,22.08217255743442
100,500,1,0.04,0.6,0.2,3,0.2023,1252,0.0172,99,25.0,125.0,27.197802056234874
100,500,1,0.04,0.6,0.2,3,0.1979,1185,0.0163,98,25.0,125.0,23.13003325010084
100,500,1,0.04,0.6,0.2,3,0.2002,1235,0.017,100,25.0,175.0,29.047375096555626
100,500,1,0.04,0.7,0.2,3,0.2018,1216,0.0198,95,25.0,200.0,40.17448095081739
100,500,1,0.04,0.7,0.2,3,0.2026,1255,0.0185,100,25.0,200.0,33.980693047670464
100,500,1,0.04,0.7,0.2,3,0.1993,1242,0.0196,98,25.0,250.0,38.4654629081036
100,500,1,0.04,0.8,0.2,3,0.2026,1256,0.0215,99,50.0,200.0,37.779330708642526
100,500,1,0.04,0.8,0.2,3,0.2028,1249,0.0186,100,25.0,150.0,33.544746235439014
100,500,1,0.04,0.8,0.2,3,0.1962,1209,0.0194,97,25.0,325.0,46.39032071100719
100,500,1,0.04,0.9,0.2,3,0.1951,1213,0.0258,100,50.0,200.0,44.88596662655267
100,500,1,0.04,0.9,0.2,3,0.1965,1222,0.0229,99,50.0,250.0,44.75613843211177
100,500,1,0.04,0.9,0.2,3,0.2076,1230,0.0231,100,50.0,275.0,49.33241834737073
100,500,1,0.04,1,0.2,3,0.2007,1194,0.0259,100,50.0,250.0,49.25634476897367
100,500,1,0.04,1,0.2,3,0.2031,1245,0.0226,100,50.0,250.0,42.9563732174866
100,500,1,0.04,1,0.2,3,0.2042,1247,0.0256,100,50.0,225.0,47.86961457960572
100,500,1,0.0004,0.3,0.3,3,0.2973,1323,0.0003,1,75.0,75.0,0.0
100,500,1,0.0004,0.3,0.3,3,0.2986,1249,0.0001,1,25.0,25.0,0.0
100,500,1,0.0004,0.3,0.3,3,0.3079,1248,0.0001,1,25.0,25.0,0.0
100,500,1,0.0004,0.4,0.3,3,0.2948,1321,0.0004,1,100.0,100.0,0.0
100,500,1,0.0004,0.4,0.3,3,0.2916,1280,0.0001,1,25.0,25.0,0.0
100,500,1,0.0004,0.4,0.3,3,0.3031,1291,0.0001,1,25.0,25.0,0.0
100,500,1,0.0004,0.5,0.3,3,0.3081,1229,0.0002,1,50.0,50.0,0.0
100,500,1,0.0004,0.5,0.3,3,0.303,1279,0.0005,1,125.0,125.0,0.0
100,500,1,0.0004,0.5,0.3,3,0.296,1327,0.0001,1,25.0,25.0,0.0
100,500,1,0.0004,0.6,0.3,3,0.2976,1344,0.0005,1,125.0,125.0,0.0
100,500,1,0.0004,0.6,0.3,3,0.2995,1269,0.0003,1,75.0,75.0,0.0
100,500,1,0.0004,0.6,0.3,3,0.3026,1300,0.0004,1,100.0,100.0,0.0
100,500,1,0.0004,0.7,0.3,3,0.3057,1321,0.0002,1,50.0,50.0,0.0
100,500,1,0.0004,0.7,0.3,3,0.306,1332,0.0004,1,100.0,100.0,0.0
100,500,1,0.0004,0.7,0.3,3,0.3067,1317,0.0001,1,25.0,25.0,0.0
100,500,1,0.0004,0.8,0.3,3,0.3034,1324,0.001,1,250.0,250.0,0.0
100,500,1,0.0004,0.8,0.3,3,0.3014,1271,0.0002,1,50.0,50.0,0.0
100,500,1,0.0004,0.8,0.3,3,0.3018,1322,0.0006,1,150.0,150.0,0.0
100,500,1,0.0004,0.9,0.3,3,0.3005,1320,0.0001,1,25.0,25.0,0.0
100,500,1,0.0004,0.9,0.3,3,0.3016,1302,0.0002,1,50.0,50.0,0.0
100,500,1,0.0004,0.9,0.3,3,0.2996,1266,0.0003,1,75.0,75.0,0.0
100,500,1,0.0004,1,0.3,3,0.2976,1282,0.0002,1,50.0,50.0,0.0
100,500,1,0.0004,1,0.3,3,0.2987,1307,0.0003,1,75.0,75.0,0.0
100,500,1,0.0004,1,0.3,3,0.2958,1296,0.0003,1,75.0,75.0,0.0
100,500,1,0.002,0.3,0.3,3,0.2997,1316,0.0007,5,25.0,50.0,12.24744871391589
100,500,1,0.002,0.3,0.3,3,0.2974,1320,0.0008,5,25.0,75.0,20.0
100,500,1,0.002,0.3,0.3,3,0.2991,1313,0.0008,5,25.0,100.0,30.0
100,500,1,0.002,0.4,0.3,3,0.3001,1285,0.0007,5,25.0,50.0,12.24744871391589
100,500,1,0.002,0.4,0.3,3,0.3016,1327,0.0007,5,25.0,50.0,12.24744871391589
100,500,1,0.002,0.4,0.3,3,0.3008,1304,0.0007,5,25.0,50.0,12.24744871391589
100,500,1,0.002,0.5,0.3,3,0.3041,1312,0.0006,5,25.0,50.0,10.0
100,500,1,0.002,0.5,0.3,3,0.2984,1285,0.0014,5,50.0,150.0,48.47679857416329
100,500,1,0.002,0.5,0.3,3,0.3075,1313,0.0011,5,75.0,75.0,24.49489742783178
100,500,1,0.002,0.6,0.3,3,0.3015,1259,0.0013,5,75.0,100.0,33.91164991562634
100,500,1,0.002,0.6,0.3,3,0.304,1253,0.0012,5,75.0,100.0,30.0
100,500,1,0.002,0.6,0.3,3,0.307,1253,0.0011,5,25.0,125.0,40.0
100,500,1,0.002,0.7,0.3,3,0.3,1330,0.0009,5,25.0,75.0,24.49489742783178
100,500,1,0.002,0.7,0.3,3,0.2935,1307,0.001,5,25.0,100.0,31.622776601683793
100,500,1,0.002,0.7,0.3,3,0.2979,1285,0.002,5,75.0,200.0,65.19202405202648
100,500,1,0.002,0.8,0.3,3,0.2991,1302,0.0011,5,75.0,75.0,24.49489742783178
100,500,1,0.002,0.8,0.3,3,0.3054,1308,0.0022,5,75.0,300.0,101.9803902718557
100,500,1,0.002,0.8,0.3,3,0.296,1280,0.001,5,50.0,100.0,27.386127875258307
100,500,1,0.002,0.9,0.3,3,0.2943,1356,0.0017,5,125.0,125.0,48.98979485566356
100,500,1,0.002,0.9,0.3,3,0.2973,1319,0.0017,5,75.0,125.0,33.91164991562634
100,500,1,0.002,0.9,0.3,3,0.2959,1362,0.0022,5,25.0,375.0,135.64659966250537
100,500,1,0.002,1,0.3,3,0.3008,1356,0.0006,5,25.0,50.0,10.0
100,500,1,0.002,1,0.3,3,0.2979,1305,0.0022,5,100.0,225.0,80.0
100,500,1,0.002,1,0.3,3,0.3002,1304,0.0041,5,75.0,800.0,298.91470355270246
100,500,1,0.04,0.3,0.3,3,0.3056,1298,0.0133,98,25.0,100.0,16.46347224516587
100,500,1,0.04,0.3,0.3,3,0.3064,1312,0.0143,95,25.0,125.0,20.479027850888123
100,500,1,0.04,0.3,0.3,3,0.3048,1257,0.0163,94,25.0,125.0,23.68216289306781
100,500,1,0.04,0.4,0.3,3,0.2963,1348,0.0166,99,25.0,200.0,34.05066835626904
100,500,1,0.04,0.4,0.3,3,0.2986,1247,0.0166,99,25.0,150.0,25.082762710785893
100,500,1,0.04,0.4,0.3,3,0.3001,1335,0.0166,97,25.0,125.0,27.092520672201854
100,500,1,0.04,0.5,0.3,3,0.2935,1288,0.0186,95,25.0,200.0,34.011567202954765
100,500,1,0.04,0.5,0.3,3,0.302,1324,0.0194,98,37.5,200.0,34.988990950203934
100,500,1,0.04,0.5,0.3,3,0.298,1337,0.0194,96,50.0,225.0,35.16685796748916
100,500,1,0.04,0.6,0.3,3,0.2974,1309,0.0217,99,50.0,200.0,37.7185161500986
100,500,1,0.04,0.6,0.3,3,0.2986,1344,0.0216,98,25.0,250.0,47.10485260238281
100,500,1,0.04,0.6,0.3,3,0.2943,1310,0.0259,97,50.0,225.0,51.7380457686156
100,500,1,0.04,0.7,0.3,3,0.2963,1259,0.0242,99,50.0,225.0,42.52483264746289
100,500,1,0.04,0.7,0.3,3,0.3075,1298,0.0304,98,50.0,325.0,67.62080987041043
100,500,1,0.04,0.7,0.3,3,0.2884,1297,0.024,96,50.0,325.0,47.598581911649426
100,500,1,0.04,0.8,0.3,3,0.3048,1307,0.0307,100,50.0,400.0,69.21479249409045
100,500,1,0.04,0.8,0.3,3,0.2984,1284,0.0298,98,50.0,325.0,65.84598287714971
100,500,1,0.04,0.8,0.3,3,0.2939,1352,0.0291,98,50.0,400.0,68.36782287376224
100,500,1,0.04,0.9,0.3,3,0.2964,1341,0.0379,99,75.0,450.0,84.68900355856405
100,500,1,0.04,0.9,0.3,3,0.2967,1321,0.036,100,75.0,400.0,71.76350047203663
100,500,1,0.04,0.9,0.3,3,0.3103,1335,0.0366,100,50.0,575.0,90.43091285616883
100,500,1,0.04,1,0.3,3,0.2998,1274,0.0468,100,75.0,700.0,115.4816002660164
100,500,1,0.04,1,0.3,3,0.2991,1317,0.0483,100,100.0,600.0,110.11669946016363
100,500,1,0.04,1,0.3,3,0.301,1352,0.0404,100,75.0,375.0,83.88384826651672
100,500,1,0.0004,0.3,0.4,3,0.3985,1089,0.0001,1,25.0,25.0,0.0
100,500,1,0.0004,0.3,0.4,3,0.4029,1050,0.0001,1,25.0,25.0,0.0
100,500,1,0.0004,0.3,0.4,3,0.3985,1080,0.0001,1,25.0,25.0,0.0
100,500,1,0.0004,0.4,0.4,3,0.4026,1085,0.0001,1,25.0,25.0,0.0
100,500,1,0.0004,0.4,0.4,3,0.3942,1206,0.0002,1,50.0,50.0,0.0
100,500,1,0.0004,0.4,0.4,3,0.4039,1054,0.0001,1,25.0,25.0,0.0
100,500,1,0.0004,0.5,0.4,3,0.3985,1120,0.0005,1,125.0,125.0,0.0
100,500,1,0.0004,0.5,0.4,3,0.3969,1100,0.0001,1,25.0,25.0,0.0
100,500,1,0.0004,0.5,0.4,3,0.3966,1086,0.0004,1,100.0,100.0,0.0
100,500,1,0.0004,0.6,0.4,3,0.3917,1091,0.0001,1,25.0,25.0,0.0
100,500,1,0.0004,0.6,0.4,3,0.3996,1057,0.0008,1,200.0,200.0,0.0
100,500,1,0.0004,0.6,0.4,3,0.4045,1087,0.0001,1,25.0,25.0,0.0
100,500,1,0.0004,0.7,0.4,3,0.4094,1055,0.0006,1,150.0,150.0,0.0
100,500,1,0.0004,0.7,0.4,3,0.4102,1088,0.0009,1,225.0,225.0,0.0
100,500,1,0.0004,0.7,0.4,3,0.3951,1067,0.0006,1,150.0,150.0,0.0
100,500,1,0.0004,0.8,0.4,3,0.4002,1098,0.0022,1,550.0,550.0,0.0
100,500,1,0.0004,0.8,0.4,3,0.4092,1028,0.0004,1,100.0,100.0,0.0
100,500,1,0.0004,0.8,0.4,3,0.3965,1150,0.0002,1,50.0,50.0,0.0
100,500,1,0.0004,0.9,0.4,3,0.3983,1106,0.0002,1,50.0,50.0,0.0
100,500,1,0.0004,0.9,0.4,3,0.4061,1088,0.0005,1,125.0,125.0,0.0
100,500,1,0.0004,0.9,0.4,3,0.4023,1102,0.0007,1,175.0,175.0,0.0
100,500,1,0.0004,1,0.4,3,0.3986,1111,0.0014,1,350.0,350.0,0.0
100,500,1,0.0004,1,0.4,3,0.4038,1095,0.0094,1,2350.0,2350.0,0.0
100,500,1,0.0004,1,0.4,3,0.4073,1078,0.0004,1,100.0,100.0,0.0
100,500,1,0.002,0.3,0.4,3,0.4009,1061,0.0009,5,25.0,125.0,40.0
100,500,1,0.002,0.3,0.4,3,0.3999,1092,0.0009,5,25.0,75.0,24.49489742783178
100,500,1,0.002,0.3,0.4,3,0.4074,1029,0.0008,5,50.0,50.0,12.24744871391589
100,500,1,0.002,0.4,0.4,3,0.3965,1074,0.0009,5,50.0,75.0,18.708286933869708
100,500,1,0.002,0.4,0.4,3,0.3937,1077,0.0011,5,50.0,100.0,29.154759474226502
100,500,1,0.002,0.4,0.4,3,0.3999,1101,0.0007,5,25.0,75.0,20.0
100,500,1,0.002,0.5,0.4,3,0.3994,1096,0.0015,5,50.0,150.0,52.44044240850758
100,500,1,0.002,0.5,0.4,3,0.4093,1142,0.0019,5,75.0,200.0,62.048368229954285
100,500,1,0.002,0.5,0.4,3,0.392,1149,0.0011,5,50.0,125.0,36.742346141747674
100,500,1,0.002,0.6,0.4,3,0.397,1102,0.0011,5,50.0,100.0,29.154759474226502
100,500,1,0.002,0.6,0.4,3,0.4021,1085,0.0017,5,100.0,125.0,40.620192023179804
100,500,1,0.002,0.6,0.4,3,0.3954,1101,0.0013,5,75.0,125.0,37.416573867739416
100,500,1,0.002,0.7,0.4,3,0.3976,1166,0.0033,5,125.0,375.0,112.47221879201993
100,500,1,0.002,0.7,0.4,3,0.3934,1135,0.0046,5,175.0,600.0,193.90719429665316
100,500,1,0.002,0.7,0.4,3,0.4046,1050,0.001,5,50.0,100.0,27.386127875258307
100,500,1,0.002,0.8,0.4,3,0.3993,1109,0.0039,5,125.0,375.0,139.10427743243557
100,500,1,0.002,0.8,0.4,3,0.3974,1098,0.0059,5,150.0,825.0,283.9013913315678
100,500,1,0.002,0.8,0.4,3,0.3964,1084,0.003,5,100.0,450.0,157.32132722552274
100,500,1,0.002,0.9,0.4,3,0.3989,1132,0.0022,5,125.0,175.0,53.85164807134504
100,500,1,0.002,0.9,0.4,3,0.405,1051,0.0046,5,225.0,400.0,143.52700094407325
100,500,1,0.002,0.9,0.4,3,0.4046,1062,0.0034,5,150.0,450.0,146.9693845669907
100,500,1,0.002,1,0.4,3,0.4032,1056,0.007,5,275.0,675.0,235.58437978779492
100,500,1,0.002,1,0.4,3,0.4002,1047,0.0046,5,225.0,325.0,92.73618495495704
100,500,1,0.002,1,0.4,3,0.3946,1131,0.003,5,125.0,350.0,108.39741694339399
100,500,1,0.04,0.3,0.4,3,0.4033,1079,0.0167,96,25.0,250.0,36.66515000414411
100,500,1,0.04,0.3,0.4,3,0.4035,1105,0.0165,95,25.0,200.0,28.37959939903771
100,500,1,0.04,0.3,0.4,3,0.3982,1061,0.0174,97,25.0,150.0,29.14992889814163
100,500,1,0.04,0.4,0.4,3,0.4018,1089,0.0211,99,25.0,300.0,44.47313123788144
100,500,1,0.04,0.4,0.4,3,0.4009,1088,0.0226,97,50.0,300.0,50.60480212896858
100,500,1,0.04,0.4,0.4,3,0.3908,1151,0.0193,98,25.0,225.0,36.67529920593784
100,500,1,0.04,0.5,0.4,3,0.3882,1110,0.0254,98,50.0,200.0,47.62694298006108
100,500,1,0.04,0.5,0.4,3,0.3974,1134,0.0229,96,50.0,275.0,51.33247830558209
100,500,1,0.04,0.5,0.4,3,0.3975,1083,0.028,94,50.0,300.0,63.369349952121645
100,500,1,0.04,0.6,0.4,3,0.4074,1057,0.0314,97,50.0,425.0,78.9568912034211
100,500,1,0.04,0.6,0.4,3,0.4036,1041,0.0353,96,75.0,400.0,75.21625001615712
100,500,1,0.04,0.6,0.4,3,0.4024,1108,0.0331,97,75.0,300.0,64.49172580585332
100,500,1,0.04,0.7,0.4,3,0.4006,1073,0.0427,97,75.0,700.0,110.79956558904945
100,500,1,0.04,0.7,0.4,3,0.4004,1069,0.0436,95,75.0,575.0,117.2320425504649
100,500,1,0.04,0.7,0.4,3,0.3973,1059,0.0409,97,50.0,525.0,109.83978515845739
100,500,1,0.04,0.8,0.4,3,0.3951,1110,0.0533,97,75.0,775.0,151.20323726881534
100,500,1,0.04,0.8,0.4,3,0.4024,1078,0.0566,99,100.0,500.0,115.52692217827367
100,500,1,0.04,0.8,0.4,3,0.392,1095,0.044,98,75.0,625.0,116.78325128241477
100,500,1,0.04,0.9,0.4,3,0.4088,1026,0.0819,96,137.5,850.0,199.24836381202942
100,500,1,0.04,0.9,0.4,3,0.398,1104,0.0822,96,150.0,1325.0,217.5805795418102
100,500,1,0.04,0.9,0.4,3,0.4095,1098,0.0873,96,137.5,1500.0,274.1482577960403
100,500,1,0.04,1,0.4,3,0.4003,1063,0.0992,100,150.0,1375.0,250.99003964301053
100,500,1,0.04,1,0.4,3,0.3981,1046,0.1006,100,175.0,2300.0,307.2218253965691
100,500,1,0.04,1,0.4,3,0.3998,1111,0.0935,100,150.0,1100.0,236.23015789691206
100,500,1,0.0004,0.3,0.5,3,0.4984,702,0.0004,1,100.0,100.0,0.0
100,500,1,0.0004,0.3,0.5,3,0.5029,677,0.0003,1,75.0,75.0,0.0
100,500,1,0.0004,0.3,0.5,3,0.5082,639,0.0001,1,25.0,25.0,0.0
100,500,1,0.0004,0.4,0.5,3,0.4954,668,0.0001,1,25.0,25.0,0.0
100,500,1,0.0004,0.4,0.5,3,0.5004,689,0.0007,1,175.0,175.0,0.0
100,500,1,0.0004,0.4,0.5,3,0.4928,709,0.0001,1,25.0,25.0,0.0
100,500,1,0.0004,0.5,0.5,3,0.5053,666,0.0003,1,75.0,75.0,0.0
100,500,1,0.0004,0.5,0.5,3,0.5063,685,0.0001,1,25.0,25.0,0.0
100,500,1,0.0004,0.5,0.5,3,0.5017,695,0.0001,1,25.0,25.0,0.0
100,500,1,0.0004,0.6,0.5,3,0.4969,724,0.0002,1,50.0,50.0,0.0
100,500,1,0.0004,0.6,0.5,3,0.5033,651,0.0017,1,425.0,425.0,0.0
100,500,1,0.0004,0.6,0.5,3,0.5071,679,0.0005,1,125.0,125.0,0.0
100,500,1,0.0004,0.7,0.5,3,0.5035,670,0.0008,1,200.0,200.0,0.0
100,500,1,0.0004,0.7,0.5,3,0.4996,674,0.0002,1,50.0,50.0,0.0
100,500,1,0.0004,0.7,0.5,3,0.5035,646,0.0002,1,50.0,50.0,0.0
100,500,1,0.0004,0.8,0.5,3,0.4927,727,0.0013,1,325.0,325.0,0.0
100,500,1,0.0004,0.8,0.5,3,0.4988,686,0.0054,1,1350.0,1350.0,0.0
100,500,1,0.0004,0.8,0.5,3,0.4976,660,0.0002,1,50.0,50.0,0.0
100,500,1,0.0004,0.9,0.5,3,0.5022,655,0.008,1,2000.0,2000.0,0.0
100,500,1,0.0004,0.9,0.5,3,0.5022,693,0.0003,1,75.0,75.0,0.0
100,500,1,0.0004,0.9,0.5,3,0.5042,622,0.0026,1,650.0,650.0,0.0
100,500,1,0.0004,1,0.5,3,0.4958,729,0.0031,1,775.0,775.0,0.0
100,500,1,0.0004,1,0.5,3,0.5043,668,0.0063,1,1575.0,1575.0,0.0
100,500,1,0.0004,1,0.5,3,0.4935,702,0.0017,1,425.0,425.0,0.0
100,500,1,0.002,0.3,0.5,3,0.5004,670,0.001,5,25.0,125.0,38.72983346207417
100,500,1,0.002,0.3,0.5,3,0.5033,703,0.0005,5,25.0,25.0,0.0
100,500,1,0.002,0.3,0.5,3,0.4968,725,0.0014,5,25.0,150.0,55.67764362830022
100,500,1,0.002,0.4,0.5,3,0.5015,693,0.001,5,50.0,75.0,22.360679774997898
100,500,1,0.002,0.4,0.5,3,0.504,679,0.0022,5,100.0,200.0,56.124860801609124
100,500,1,0.002,0.4,0.5,3,0.5042,646,0.001,5,25.0,125.0,38.72983346207417
100,500,1,0.002,0.5,0.5,3,0.494,740,0.0015,5,75.0,150.0,41.83300132670378
100,500,1,0.002,0.5,0.5,3,0.4988,695,0.0016,5,50.0,150.0,48.47679857416329
100,500,1,0.002,0.5,0.5,3,0.4927,735,0.0029,5,50.0,425.0,154.434452114805
100,500,1,0.002,0.6,0.5,3,0.5006,686,0.0023,5,75.0,350.0,121.03718436910205
100,500,1,0.002,0.6,0.5,3,0.5067,671,0.0019,5,75.0,175.0,48.47679857416329
100,500,1,0.002,0.6,0.5,3,0.4975,663,0.0015,5,75.0,150.0,41.83300132670378
100,500,1,0.002,0.7,0.5,3,0.507,673,0.0037,5,50.0,500.0,194.03607911932255
100,500,1,0.002,0.7,0.5,3,0.5013,666,0.0026,5,125.0,200.0,43.01162633521314
100,500,1,0.002,0.7,0.5,3,0.4921,698,0.0091,5,350.0,1125.0,351.5679166249389
100,500,1,0.002,0.8,0.5,3,0.5056,675,0.0052,5,275.0,325.0,58.309518948453004
100,500,1,0.002,0.8,0.5,3,0.4921,736,0.0055,5,75.0,700.0,273.4044622898463
100,500,1,0.002,0.8,0.5,3,0.4989,703,0.0125,5,225.0,2325.0,858.0501150865257
100,500,1,0.002,0.9,0.5,3,0.4974,687,0.0158,5,500.0,1850.0,713.1970274755778
100,500,1,0.002,0.9,0.5,3,0.5083,683,0.0138,5,425.0,1650.0,581.936422644261
100,500,1,0.002,0.9,0.5,3,0.4934,710,0.0082,5,275.0,1125.0,368.64617182333524
100,500,1,0.002,1,0.5,3,0.5088,682,0.0138,5,250.0,2450.0,887.3556220591606
100,500,1,0.002,1,0.5,3,0.5007,642,0.0481,5,1400.0,5300.0,2171.658352503911
100,500,1,0.002,1,0.5,3,0.4957,710,0.0181,5,875.0,1800.0,516.0910772334666
100,500,1,0.04,0.3,0.5,3,0.5013,679,0.0199,99,25.0,175.0,35.26504075828788
100,500,1,0.04,0.3,0.5,3,0.501,696,0.0213,96,50.0,400.0,48.305010334720976
100,500,1,0.04,0.3,0.5,3,0.4947,702,0.0197,97,50.0,175.0,33.76190287384085
100,500,1,0.04,0.4,0.5,3,0.4984,720,0.0298,95,50.0,650.0,88.07969823402682
100,500,1,0.04,0.4,0.5,3,0.5016,697,0.0262,98,50.0,350.0,60.79569229462457
100,500,1,0.04,0.4,0.5,3,0.5069,675,0.0308,96,50.0,650.0,82.90907628574543
100,500,1,0.04,0.5,0.5,3,0.4944,684,0.033,97,50.0,350.0,68.55088728158964
100,500,1,0.04,0.5,0.5,3,0.5063,645,0.0303,95,50.0,675.0,84.7825963429953
100,500,1,0.04,0.5,0.5,3,0.4998,685,0.0346,94,50.0,800.0,107.57312987317387
100,500,1,0.04,0.6,0.5,3,0.5033,668,0.0582,91,75.0,925.0,190.3538896602303
100,500,1,0.04,0.6,0.5,3,0.4998,711,0.0544,89,100.0,1125.0,180.13876526351234
100,500,1,0.04,0.6,0.5,3,0.5083,679,0.0527,92,75.0,1300.0,203.23816282143503
100,500,1,0.04,0.7,0.5,3,0.5023,700,0.0728,98,112.5,1275.0,201.96736450855275
100,500,1,0.04,0.7,0.5,3,0.5028,681,0.0706,91,125.0,1025.0,197.59337267481686
100,500,1,0.04,0.7,0.5,3,0.4978,695,0.0803,86,100.0,2125.0,346.1921277535793
100,500,1,0.04,0.8,0.5,3,0.4991,718,0.116,90,212.5,1925.0,340.4948287346839
100,500,1,0.04,0.8,0.5,3,0.5026,687,0.1201,93,175.0,2075.0,373.080317860618
100,500,1,0.04,0.8,0.5,3,0.4982,704,0.1,85,250.0,1675.0,291.26112851305606
100,500,1,0.04,0.9,0.5,3,0.4986,693,0.166,92,237.5,3000.0,563.2291535379584
100,500,1,0.04,0.9,0.5,3,0.4869,688,0.1759,87,275.0,5325.0,693.3947939922679
100,500,1,0.04,0.9,0.5,3,0.5015,706,0.1462,94,287.5,2250.0,385.19159748402495
100,500,1,0.04,1,0.5,3,0.4984,674,0.2874,100,300.0,8800.0,1220.141487697226
100,500,1,0.04,1,0.5,3,0.4991,695,0.2729,100,337.5,5325.0,946.1256193022151
100,500,1,0.04,1,0.5,3,0.5,705,0.2679,100,300.0,5525.0,955.8654128589443
100,500,1,0.0004,0.3,0.55,3,0.55,466,0.0006,1,150.0,150.0,0.0
100,500,1,0.0004,0.3,0.55,3,0.5484,476,0.0001,1,25.0,25.0,0.0
100,500,1,0.0004,0.3,0.55,3,0.5458,507,0.0002,1,50.0,50.0,0.0
100,500,1,0.0004,0.4,0.55,3,0.5469,479,0.0003,1,75.0,75.0,0.0
100,500,1,0.0004,0.4,0.55,3,0.5455,501,0.0002,1,50.0,50.0,0.0
100,500,1,0.0004,0.4,0.55,3,0.5516,494,0.0002,1,50.0,50.0,0.0
100,500,1,0.0004,0.5,0.55,3,0.5527,447,0.0005,1,125.0,125.0,0.0
100,500,1,0.0004,0.5,0.55,3,0.5541,462,0.0004,1,100.0,100.0,0.0
100,500,1,0.0004,0.5,0.55,3,0.5436,499,0.0002,1,50.0,50.0,0.0
100,500,1,0.0004,0.6,0.55,3,0.5546,476,0.0003,1,75.0,75.0,0.0
100,500,1,0.0004,0.6,0.55,3,0.5509,481,0.0025,1,625.0,625.0,0.0
100,500,1,0.0004,0.6,0.55,3,0.5564,451,0.0002,1,50.0,50.0,0.0
100,500,1,0.0004,0.7,0.55,3,0.5454,506,0.0005,1,125.0,125.0,0.0
100,500,1,0.0004,0.7,0.55,3,0.5494,459,0.0001,1,25.0,25.0,0.0
100,500,1,0.0004,0.7,0.55,3,0.544,514,0.0005,1,125.0,125.0,0.0
100,500,1,0.0004,0.8,0.55,3,0.5575,418,0.0004,1,100.0,100.0,0.0
100,500,1,0.0004,0.8,0.55,3,0.5502,479,0.0038,1,950.0,950.0,0.0
100,500,1,0.0004,0.8,0.55,3,0.5509,471,0.0006,1,150.0,150.0,0.0
100,500,1,0.0004,0.9,0.55,3,0.542,526,0.0122,1,3050.0,3050.0,0.0
100,500,1,0.0004,0.9,0.55,3,0.5497,503,0.0037,1,925.0,925.0,0.0
100,500,1,0.0004,0.9,0.55,3,0.5626,403,0.0018,1,450.0,450.0,0.0
100,500,1,0.0004,1,0.55,3,0.5489,513,0.0566,1,14150.0,14150.0,0.0
100,500,1,0.0004,1,0.55,3,0.5494,443,0.0249,1,6225.0,6225.0,0.0
100,500,1,0.0004,1,0.55,3,0.5494,506,0.0055,1,1375.0,1375.0,0.0
100,500,1,0.002,0.3,0.55,3,0.5473,475,0.0012,5,50.0,100.0,33.91164991562634
100,500,1,0.002,0.3,0.55,3,0.5543,449,0.001,5,50.0,75.0,15.811388300841896
100,500,1,0.002,0.3,0.55,3,0.5448,503,0.0013,5,25.0,125.0,48.98979485566356
100,500,1,0.002,0.4,0.55,3,0.5503,517,0.0009,5,25.0,125.0,40.0
100,500,1,0.002,0.4,0.55,3,0.5532,497,0.0024,5,150.0,175.0,60.0
100,500,1,0.002,0.4,0.55,3,0.5461,508,0.0014,5,75.0,150.0,45.8257569495584
100,500,1,0.002,0.5,0.55,3,0.5489,489,0.0034,5,175.0,350.0,114.45523142259597
100,500,1,0.002,0.5,0.55,3,0.5454,508,0.0018,5,75.0,200.0,60.41522986797286
100,500,1,0.002,0.5,0.55,3,0.5552,444,0.0023,5,75.0,250.0,78.4219357067906
100,500,1,0.002,0.6,0.55,3,0.5466,450,0.0025,5,50.0,425.0,150.83103128998357
100,500,1,0.002,0.6,0.55,3,0.5514,456,0.0027,5,150.0,200.0,60.41522986797286
100,500,1,0.002,0.6,0.55,3,0.5514,446,0.0049,5,200.0,475.0,168.37458240482735
100,500,1,0.002,0.7,0.55,3,0.5496,472,0.0147,5,925.0,1100.0,384.252521136817
100,500,1,0.002,0.7,0.55,3,0.5503,498,0.0076,5,450.0,650.0,191.96353820452467
100,500,1,0.002,0.7,0.55,3,0.5451,476,0.0059,5,250.0,600.0,161.55494421403512
100,500,1,0.002,0.8,0.55,3,0.5509,511,0.0169,5,525.0,2725.0,962.4707787772053
100,500,1,0.002,0.8,0.55,3,0.5468,470,0.0115,5,575.0,1350.0,487.5961443653959
100,500,1,0.002,0.8,0.55,3,0.5516,443,0.0031,5,125.0,325.0,92.73618495495704
100,500,1,0.002,0.9,0.55,3,0.55,483,0.0248,5,1000.0,3100.0,989.0146611653439
100,500,1,0.002,0.9,0.55,3,0.5579,454,0.0329,4,1987.5,3700.0,1407.1663680958268
100,500,1,0.002,0.9,0.55,3,0.5447,504,0.0194,5,275.0,3175.0,1164.5170672858342
100,500,1,0.002,1,0.55,3,0.5409,513,0.042,5,2350.0,4475.0,1633.630925270454
100,500,1,0.002,1,0.55,3,0.5442,506,0.1879,5,11525.0,21225.0,7690.34134482989
100,500,1,0.002,1,0.55,3,0.5485,497,0.0695,5,3650.0,5650.0,1949.7435728833677
100,500,1,0.04,0.3,0.55,3,0.5518,456,0.0231,95,25.0,300.0,55.209246886986726
100,500,1,0.04,0.3,0.55,3,0.5534,477,0.0224,95,25.0,400.0,58.028553483527226
100,500,1,0.04,0.3,0.55,3,0.5534,516,0.0184,94,25.0,175.0,35.339330301857636
100,500,1,0.04,0.4,0.55,3,0.5533,473,0.0302,96,50.0,275.0,63.837681395647685
100,500,1,0.04,0.4,0.55,3,0.5506,505,0.0305,95,50.0,525.0,82.86758118275405
100,500,1,0.04,0.4,0.55,3,0.5533,462,0.0316,97,50.0,575.0,84.5148640708285
100,500,1,0.04,0.5,0.55,3,0.5533,489,0.0508,95,75.0,775.0,159.80120960993312
100,500,1,0.04,0.5,0.55,3,0.543,527,0.046,97,50.0,825.0,155.95062455936818
100,500,1,0.04,0.5,0.55,3,0.5451,489,0.0381,93,50.0,650.0,118.06370820570854
100,500,1,0.04,0.6,0.55,3,0.545,527,0.0483,96,100.0,550.0,115.94567721611774
100,500,1,0.04,0.6,0.55,3,0.5518,409,0.0697,94,87.5,1150.0,216.18087305135444
100,500,1,0.04,0.6,0.55,3,0.5457,490,0.0621,89,125.0,1125.0,187.30711157403044
100,500,1,0.04,0.7,0.55,3,0.5555,449,0.1183,88,150.0,3150.0,468.584939947122
100,500,1,0.04,0.7,0.55,3,0.5415,525,0.0933,88,175.0,1350.0,279.80156759074754
100,500,1,0.04,0.7,0.55,3,0.5429,495,0.1135,80,175.0,2225.0,453.3054597550641
100,500,1,0.04,0.8,0.55,3,0.5429,462,0.178,81,300.0,2775.0,601.3741377282744
100,500,1,0.04,0.8,0.55,3,0.5472,513,0.1865,79,300.0,7200.0,1106.027914999532
100,500,1,0.04,0.8,0.55,3,0.5436,565,0.1829,82,262.5,5625.0,826.7967225949518
100,500,1,0.04,0.9,0.55,3,0.5529,489,0.3273,80,350.0,9575.0,1682.8277622334824
100,500,1,0.04,0.9,0.55,3,0.544,542,0.3017,81,450.0,10075.0,1406.9686071425083
100,500,1,0.04,0.9,0.55,3,0.5541,466,0.2947,78,275.0,13850.0,1978.982707115567
100,500,1,0.04,1,0.55,3,0.5528,475,0.4446,100,337.5,15950.0,2616.052417288308
100,500,1,0.04,1,0.55,3,0.5568,423,0.4767,100,350.0,23650.0,2900.1402013523416
100,500,1,0.04,1,0.55,3,0.5552,437,0.4824,100,250.0,33800.0,3896.293302614679
100,500,1,0.0004,0.3,0.6,3,0.6038,259,0.0004,1,100.0,100.0,0.0
100,500,1,0.0004,0.3,0.6,3,0.5939,326,0.0002,1,50.0,50.0,0.0
100,500,1,0.0004,0.3,0.6,3,0.6052,239,0.0006,1,150.0,150.0,0.0
100,500,1,0.0004,0.4,0.6,3,0.6101,240,0.0004,1,100.0,100.0,0.0
100,500,1,0.0004,0.4,0.6,3,0.6014,272,0.0002,1,50.0,50.0,0.0
100,500,1,0.0004,0.4,0.6,3,0.5976,315,0.0004,1,100.0,100.0,0.0
100,500,1,0.0004,0.5,0.6,3,0.5967,327,0.0003,1,75.0,75.0,0.0
100,500,1,0.0004,0.5,0.6,3,0.6036,274,0.0027,1,675.0,675.0,0.0
100,500,1,0.0004,0.5,0.6,3,0.6032,286,0.0002,1,50.0,50.0,0.0
100,500,1,0.0004,0.6,0.6,3,0.5991,280,0.0004,1,100.0,100.0,0.0
100,500,1,0.0004,0.6,0.6,3,0.6017,275,0.0021,1,525.0,525.0,0.0
100,500,1,0.0004,0.6,0.6,3,0.5989,302,0.0004,1,100.0,100.0,0.0
100,500,1,0.0004,0.7,0.6,3,0.6046,269,0.0031,1,775.0,775.0,0.0
100,500,1,0.0004,0.7,0.6,3,0.604,261,0.0069,1,1725.0,1725.0,0.0
100,500,1,0.0004,0.7,0.6,3,0.5995,294,0.0011,1,275.0,275.0,0.0
100,500,1,0.0004,0.8,0.6,3,0.6015,293,0.0044,1,1100.0,1100.0,0.0
100,500,1,0.0004,0.8,0.6,3,0.6012,279,0.0002,1,50.0,50.0,0.0
100,500,1,0.0004,0.8,0.6,3,0.6,261,0.0025,1,625.0,625.0,0.0
100,500,1,0.0004,0.9,0.6,3,0.6001,275,0.0148,1,3700.0,3700.0,0.0
100,500,1,0.0004,0.9,0.6,3,0.6022,285,0.0181,1,4525.0,4525.0,0.0
100,500,1,0.0004,0.9,0.6,3,0.5994,300,0.0164,1,4100.0,4100.0,0.0
100,500,1,0.0004,1,0.6,3,0.6042,259,0.4988,1,124700.0,124700.0,0.0
100,500,1,0.0004,1,0.6,3,0.604,262,0.4365,1,109125.0,109125.0,0.0
100,500,1,0.0004,1,0.6,3,0.5969,303,0.3643,1,91075.0,91075.0,0.0
100,500,1,0.002,0.3,0.6,3,0.5927,342,0.0008,5,50.0,50.0,12.24744871391589
100,500,1,0.002,0.3,0.6,3,0.5953,286,0.001,5,25.0,150.0,50.0
100,500,1,0.002,0.3,0.6,3,0.5959,320,0.0008,5,25.0,100.0,30.0
100,500,1,0.002,0.4,0.6,3,0.5949,319,0.0015,5,75.0,125.0,35.35533905932738
100,500,1,0.002,0.4,0.6,3,0.5977,308,0.0028,5,100.0,275.0,87.46427842267951
100,500,1,0.002,0.4,0.6,3,0.5978,309,0.0028,5,150.0,325.0,111.35528725660043
100,500,1,0.002,0.5,0.6,3,0.5916,302,0.0024,5,125.0,250.0,79.68688725254614
100,500,1,0.002,0.5,0.6,3,0.6031,280,0.0018,5,50.0,300.0,105.59356040971439
100,500,1,0.002,0.5,0.6,3,0.5987,304,0.0031,5,150.0,325.0,102.95630140987001
100,500,1,0.002,0.6,0.6,3,0.5963,278,0.0022,5,125.0,250.0,83.06623862918075
100,500,1,0.002,0.6,0.6,3,0.6084,276,0.0028,5,50.0,350.0,134.7219358530748
100,500,1,0.002,0.6,0.6,3,0.6035,303,0.0056,5,250.0,700.0,235.26580712037182
100,500,1,0.002,0.7,0.6,3,0.6051,275,0.0055,5,225.0,675.0,241.3503677229434
100,500,1,0.002,0.7,0.6,3,0.6067,267,0.0065,5,150.0,1125.0,402.1815510438041
100,500,1,0.002,0.7,0.6,3,0.5996,325,0.0052,5,125.0,825.0,295.6349099818897
100,500,1,0.002,0.8,0.6,3,0.5979,292,0.0315,5,1425.0,3050.0,924.256457916308
100,500,1,0.002,0.8,0.6,3,0.5928,280,0.0119,5,525.0,1475.0,486.41546028061236
100,500,1,0.002,0.8,0.6,3,0.6013,287,0.0287,5,675.0,4275.0,1597.310239120754
100,500,1,0.002,0.9,0.6,3,0.5977,266,0.1646,5,6075.0,19225.0,7734.393964623214
100,500,1,0.002,0.9,0.6,3,0.6062,293,0.0406,5,2675.0,4075.0,1647.7560499054464
100,500,1,0.002,0.9,0.6,3,0.5997,300,0.0788,5,4875.0,8050.0,2907.774062749718
100,500,1,0.002,1,0.6,3,0.6031,267,0.4534,5,2575.0,103050.0,40267.20563932889
100,500,1,0.002,1,0.6,3,0.6069,277,0.4558,5,1450.0,109975.0,43599.723622977246
100,500,1,0.002,1,0.6,3,0.5996,263,0.4833,5,1950.0,113675.0,44793.05359093082
100,500,1,0.04,0.3,0.6,3,0.6017,289,0.0223,94,50.0,325.0,46.41167007400614
100,500,1,0.04,0.3,0.6,3,0.5944,305,0.0292,95,50.0,475.0,73.02145550445375
100,500,1,0.04,0.3,0.6,3,0.5944,280,0.0221,99,25.0,250.0,50.10447202115519
100,500,1,0.04,0.4,0.6,3,0.5906,308,0.0312,94,50.0,450.0,80.98568020564068
100,500,1,0.04,0.4,0.6,3,0.5979,296,0.0364,99,50.0,625.0,102.72968124864407
100,500,1,0.04,0.4,0.6,3,0.6111,236,0.0303,96,50.0,400.0,72.37850137255883
100,500,1,0.04,0.5,0.6,3,0.606,251,0.0552,95,100.0,825.0,143.46715820969112
100,500,1,0.04,0.5,0.6,3,0.5911,364,0.0473,96,75.0,725.0,134.15654683301787
100,500,1,0.04,0.5,0.6,3,0.5931,315,0.0616,88,100.0,1450.0,215.88217535582606
100,500,1,0.04,0.6,0.6,3,0.5958,296,0.0865,91,175.0,1100.0,217.76757023943986
100,500,1,0.04,0.6,0.6,3,0.5965,260,0.1064,78,187.5,2925.0,459.2527088919445
100,500,1,0.04,0.6,0.6,3,0.5988,286,0.0782,89,125.0,1325.0,259.63111012410417
100,500,1,0.04,0.7,0.6,3,0.5981,297,0.1711,83,225.0,4100.0,719.4043650418611
100,500,1,0.04,0.7,0.6,3,0.5997,276,0.1857,71,225.0,6800.0,1133.8474315428275
100,500,1,0.04,0.7,0.6,3,0.5951,286,0.1488,75,225.0,2600.0,595.8472958736995
100,500,1,0.04,0.8,0.6,3,0.6,284,0.3012,68,175.0,10975.0,2211.4219657782737
100,500,1,0.04,0.8,0.6,3,0.6002,305,0.2957,62,325.0,9750.0,2088.7061355680516
100,500,1,0.04,0.8,0.6,3,0.6065,265,0.3471,55,350.0,28575.0,3961.234520401416
100,500,1,0.04,0.9,0.6,3,0.6091,245,0.5282,49,250.0,96875.0,13685.063714398217
100,500,1,0.04,0.9,0.6,3,0.5989,264,0.4828,50,225.0,65875.0,10190.99131586324
100,500,1,0.04,0.9,0.6,3,0.6017,260,0.5,64,225.0,36950.0,5524.507719867445
100,500,1,0.04,1,0.6,3,0.604,271,0.5809,100,75.0,109800.0,10944.251399136443
100,500,1,0.04,1,0.6,3,0.6035,297,0.5691,100,125.0,84725.0,8537.31448919975
100,500,1,0.04,1,0.6,3,0.609,263,0.5837,100,125.0,98350.0,9898.631632074203
100,500,1,0.0004,0.3,0.65,3,0.655,133,0.0002,1,50.0,50.0,0.0
100,500,1,0.0004,0.3,0.65,3,0.6506,176,0.0013,1,325.0,325.0,0.0
100,500,1,0.0004,0.3,0.65,3,0.6496,156,0.0006,1,150.0,150.0,0.0
100,500,1,0.0004,0.4,0.65,3,0.6443,178,0.0007,1,175.0,175.0,0.0
100,500,1,0.0004,0.4,0.65,3,0.6573,133,0.0001,1,25.0,25.0,0.0
100,500,1,0.0004,0.4,0.65,3,0.6515,150,0.0001,1,25.0,25.0,0.0
100,500,1,0.0004,0.5,0.65,3,0.6462,156,0.0002,1,50.0,50.0,0.0
100,500,1,0.0004,0.5,0.65,3,0.6552,155,0.0005,1,125.0,125.0,0.0
100,500,1,0.0004,0.5,0.65,3,0.6482,158,0.0004,1,100.0,100.0,0.0
100,500,1,0.0004,0.6,0.65,3,0.6475,159,0.0004,1,100.0,100.0,0.0
100,500,1,0.0004,0.6,0.65,3,0.6517,153,0.0008,1,200.0,200.0,0.0
100,500,1,0.0004,0.6,0.65,3,0.6538,152,0.0004,1,100.0,100.0,0.0
100,500,1,0.0004,0.7,0.65,3,0.6515,145,0.0059,1,1475.0,1475.0,0.0
100,500,1,0.0004,0.7,0.65,3,0.6433,152,0.0005,1,125.0,125.0,0.0
100,500,1,0.0004,0.7,0.65,3,0.6505,145,0.0027,1,675.0,675.0,0.0
100,500,1,0.0004,0.8,0.65,3,0.6399,190,0.0066,1,1650.0,1650.0,0.0
100,500,1,0.0004,0.8,0.65,3,0.6434,160,0.001,1,250.0,250.0,0.0
100,500,1,0.0004,0.8,0.65,3,0.6499,151,0.0014,1,350.0,350.0,0.0
100,500,1,0.0004,0.9,0.65,3,0.655,139,0.0639,1,15975.0,15975.0,0.0
100,500,1,0.0004,0.9,0.65,3,0.6515,169,0.0009,1,225.0,225.0,0.0
100,500,1,0.0004,0.9,0.65,3,0.6433,164,0.2108,1,52700.0,52700.0,0.0
100,500,1,0.0004,1,0.65,3,0.6552,157,0.6125,1,153125.0,153125.0,0.0
100,500,1,0.0004,1,0.65,3,0.6518,150,0.6038,1,150950.0,150950.0,0.0
100,500,1,0.0004,1,0.65,3,0.6488,182,0.0005,1,125.0,125.0,0.0
100,500,1,0.002,0.3,0.65,3,0.645,195,0.0012,5,50.0,100.0,33.91164991562634
100,500,1,0.002,0.3,0.65,3,0.654,174,0.0005,5,25.0,25.0,0.0
100,500,1,0.002,0.3,0.65,3,0.6611,143,0.0007,5,25.0,50.0,12.24744871391589
100,500,1,0.002,0.4,0.65,3,0.6451,156,0.0019,5,100.0,150.0,50.99019513592785
100,500,1,0.002,0.4,0.65,3,0.6505,151,0.0013,5,50.0,125.0,40.620192023179804
100,500,1,0.002,0.4,0.65,3,0.6562,157,0.0029,5,125.0,350.0,111.13055385446434
100,500,1,0.002,0.5,0.65,3,0.6465,163,0.0056,5,225.0,625.0,181.93405398660252
100,500,1,0.002,0.5,0.65,3,0.6385,170,0.0035,5,75.0,400.0,146.6287829861518
100,500,1,0.002,0.5,0.65,3,0.6481,150,0.0079,5,175.0,1275.0,444.52221541785735
100,500,1,0.002,0.6,0.65,3,0.6532,158,0.0042,5,175.0,475.0,135.64659966250537
100,500,1,0.002,0.6,0.65,3,0.6429,193,0.0066,5,225.0,950.0,325.7299494980466
100,500,1,0.002,0.6,0.65,3,0.644,158,0.0028,5,100.0,325.0,110.22703842524301
100,500,1,0.002,0.7,0.65,3,0.6435,153,0.0225,5,400.0,3525.0,1285.5932482710073
100,500,1,0.002,0.7,0.65,3,0.6513,140,0.0144,5,375.0,1875.0,591.2698199637794
100,500,1,0.002,0.7,0.65,3,0.6548,154,0.0337,5,650.0,6800.0,2569.4162761218745
100,500,1,0.002,0.8,0.65,3,0.6518,127,0.0219,5,575.0,2500.0,976.9083887448198
100,500,1,0.002,0.8,0.65,3,0.6579,151,0.078,5,1675.0,9050.0,4086.28804662618
100,500,1,0.002,0.8,0.65,3,0.6552,153,0.1905,3,2175.0,45400.0,20895.34437779542
100,500,1,0.002,0.9,0.65,3,0.6492,171,0.5251,4,525.0,130200.0,56223.93111200514
100,500,1,0.002,0.9,0.65,3,0.6489,182,0.4622,2,57775.0,115525.0,57750.0
100,500,1,0.002,0.9,0.65,3,0.65,138,0.3798,2,47475.0,57400.0,9925.0
100,500,1,0.002,1,0.65,3,0.6507,168,0.6164,5,125.0,153675.0,61427.55570588822
100,500,1,0.002,1,0.65,3,0.6465,166,0.6012,5,1350.0,146675.0,58310.46775665584
100,500,1,0.002,1,0.65,3,0.6492,160,0.6011,5,225.0,149250.0,59598.09015396383
100,500,1,0.04,0.3,0.65,3,0.6538,163,0.0261,94,50.0,350.0,60.7088288953077
100,500,1,0.04,0.3,0.65,3,0.6409,167,0.0239,96,50.0,275.0,50.38843799086971
100,500,1,0.04,0.3,0.65,3,0.6505,141,0.0264,95,50.0,300.0,58.17158686167621
100,500,1,0.04,0.4,0.65,3,0.6477,149,0.0417,93,75.0,725.0,128.4006720007311
100,500,1,0.04,0.4,0.65,3,0.6465,174,0.0374,93,50.0,500.0,93.53988961530096
100,500,1,0.04,0.4,0.65,3,0.6405,177,0.0369,93,50.0,525.0,103.07448586239005
100,500,1,0.04,0.5,0.65,3,0.6487,158,0.0633,91,100.0,1450.0,222.1866879102047
100,500,1,0.04,0.5,0.65,3,0.6473,184,0.0627,84,125.0,1075.0,209.78469789951103
100,500,1,0.04,0.5,0.65,3,0.6514,160,0.073,85,100.0,1475.0,273.519923934121
100,500,1,0.04,0.6,0.65,3,0.6494,171,0.1257,85,125.0,2450.0,523.6620783657521
100,500,1,0.04,0.6,0.65,3,0.6501,143,0.1434,73,175.0,3400.0,748.1755190083309
100,500,1,0.04,0.6,0.65,3,0.6454,169,0.117,81,175.0,2525.0,459.1995182171516
100,500,1,0.04,0.7,0.65,3,0.654,161,0.2954,54,325.0,14225.0,2551.1373173149623
100,500,1,0.04,0.7,0.65,3,0.6469,185,0.2592,51,350.0,12075.0,2307.753904850296
100,500,1,0.04,0.7,0.65,3,0.6476,169,0.2151,69,300.0,8925.0,1406.9635083397231
100,500,1,0.04,0.8,0.65,3,0.6449,151,0.4627,36,312.5,91125.0,14898.31679310609
100,500,1,0.04,0.8,0.65,3,0.6412,182,0.4345,40,387.5,30325.0,6419.970520522271
100,500,1,0.04,0.8,0.65,3,0.6529,183,0.494,34,125.0,72850.0,12676.62788219595
100,500,1,0.04,0.9,0.65,3,0.6524,144,0.6086,41,75.0,142525.0,21954.452607434512
100,500,1,0.04,0.9,0.65,3,0.661,129,0.6314,42,50.0,150675.0,22948.371574830922
100,500,1,0.04,0.9,0.65,3,0.6509,155,0.6104,45,100.0,144125.0,21220.846115943237
100,500,1,0.04,1,0.65,3,0.6472,182,0.6369,100,50.0,136925.0,13654.235009237977
100,500,1,0.04,1,0.65,3,0.6563,139,0.6521,100,50.0,149525.0,14867.232129333961
100,500,1,0.04,1,0.65,3,0.6458,195,0.6333,100,50.0,137925.0,13714.776271871882
100,500,1,0.0004,0.3,0.7,3,0.6993,104,0.0001,1,25.0,25.0,0.0
100,500,1,0.0004,0.3,0.7,3,0.7007,111,0.0001,1,25.0,25.0,0.0
100,500,1,0.0004,0.3,0.7,3,0.707,87,0.0001,1,25.0,25.0,0.0
100,500,1,0.0004,0.4,0.7,3,0.7018,90,0.0005,1,125.0,125.0,0.0
100,500,1,0.0004,0.4,0.7,3,0.7056,83,0.0003,1,75.0,75.0,0.0
100,500,1,0.0004,0.4,0.7,3,0.7036,91,0.0004,1,100.0,100.0,0.0
100,500,1,0.0004,0.5,0.7,3,0.7036,79,0.0004,1,100.0,100.0,0.0
100,500,1,0.0004,0.5,0.7,3,0.7056,82,0.0012,1,300.0,300.0,0.0
100,500,1,0.0004,0.5,0.7,3,0.6993,118,0.0011,1,275.0,275.0,0.0
100,500,1,0.0004,0.6,0.7,3,0.6987,85,0.0001,1,25.0,25.0,0.0
100,500,1,0.0004,0.6,0.7,3,0.6998,85,0.0049,1,1225.0,1225.0,0.0
100,500,1,0.0004,0.6,0.7,3,0.6949,78,0.0043,1,1075.0,1075.0,0.0
100,500,1,0.0004,0.7,0.7,3,0.6988,74,0.0018,1,450.0,450.0,0.0
100,500,1,0.0004,0.7,0.7,3,0.7075,91,0.002,1,500.0,500.0,0.0
100,500,1,0.0004,0.7,0.7,3,0.7012,58,0.0029,1,725.0,725.0,0.0
100,500,1,0.0004,0.8,0.7,3,0.6931,73,0.1656,1,41400.0,41400.0,0.0
100,500,1,0.0004,0.8,0.7,3,0.6986,79,0.0143,1,3575.0,3575.0,0.0
100,500,1,0.0004,0.8,0.7,3,0.692,96,0.1677,1,41925.0,41925.0,0.0
100,500,1,0.0004,0.9,0.7,3,0.7032,66,0.0011,1,275.0,275.0,0.0
100,500,1,0.0004,0.9,0.7,3,0.7007,100,0.6209,1,155225.0,155225.0,0.0
100,500,1,0.0004,0.9,0.7,3,0.6975,104,0.6416,1,160400.0,160400.0,0.0
100,500,1,0.0004,1,0.7,3,0.6954,78,0.6773,1,169325.0,169325.0,0.0
100,500,1,0.0004,1,0.7,3,0.7027,92,0.687,1,171750.0,171750.0,0.0
100,500,1,0.0004,1,0.7,3,0.7015,92,0.6854,1,171350.0,171350.0,0.0
100,500,1,0.002,0.3,0.7,3,0.6951,88,0.0011,5,50.0,75.0,18.708286933869708
100,500,1,0.002,0.3,0.7,3,0.6985,77,0.001,5,50.0,100.0,27.386127875258307
100,500,1,0.002,0.3,0.7,3,0.7008,69,0.001,5,50.0,75.0,15.811388300841896
100,500,1,0.002,0.4,0.7,3,0.7033,66,0.0031,5,150.0,400.0,132.664991614216
100,500,1,0.002,0.4,0.7,3,0.7018,81,0.002,5,75.0,200.0,74.16198487095663
100,500,1,0.002,0.4,0.7,3,0.7003,84,0.0017,5,25.0,300.0,107.93516572461452
100,500,1,0.002,0.5,0.7,3,0.707,66,0.004,5,200.0,325.0,82.15838362577492
100,500,1,0.002,0.5,0.7,3,0.6913,89,0.0037,5,200.0,250.0,60.41522986797286
100,500,1,0.002,0.5,0.7,3,0.7106,78,0.0068,5,200.0,800.0,261.05554964413227
100,500,1,0.002,0.6,0.7,3,0.6989,85,0.0157,5,200.0,2075.0,848.3218728760918
100,500,1,0.002,0.6,0.7,3,0.6916,101,0.0126,5,275.0,2275.0,828.914953418021
100,500,1,0.002,0.6,0.7,3,0.6951,100,0.0073,5,175.0,1075.0,370.3376837428241
100,500,1,0.002,0.7,0.7,3,0.6962,80,0.0683,5,1525.0,7425.0,3053.4652446032524
100,500,1,0.002,0.7,0.7,3,0.701,86,0.0381,5,2100.0,2825.0,952.5492113271629
100,500,1,0.002,0.7,0.7,3,0.6964,97,0.0547,5,1800.0,6175.0,2363.6095278196863
100,500,1,0.002,0.8,0.7,3,0.6964,84,0.3623,3,1850.0,87625.0,40612.653679473944
100,500,1,0.002,0.8,0.7,3,0.7022,84,0.4723,2,59037.5,117850.0,58812.5
100,500,1,0.002,0.8,0.7,3,0.6928,105,0.4202,2,52525.0,100600.0,48075.0
100,500,1,0.002,0.9,0.7,3,0.6982,94,0.6376,1,159400.0,159400.0,0.0
100,500,1,0.002,0.9,0.7,3,0.7067,82,0.6427,3,75.0,160575.0,75672.21345308256
100,500,1,0.002,0.9,0.7,3,0.6993,86,0.6265,2,78312.5,156350.0,78037.5
100,500,1,0.002,1,0.7,3,0.6983,101,0.6835,5,75.0,169650.0,67738.66510346952
100,500,1,0.002,1,0.7,3,0.6972,85,0.6796,5,50.0,169625.0,67822.52280769273
100,500,1,0.002,1,0.7,3,0.6976,91,0.686,5,225.0,170225.0,67963.13706708954
100,500,1,0.04,0.3,0.7,3,0.6997,92,0.0242,98,50.0,500.0,62.5972795621324
100,500,1,0.04,0.3,0.7,3,0.7049,80,0.0299,92,50.0,425.0,78.1603181037984
100,500,1,0.04,0.3,0.7,3,0.6987,67,0.0275,97,50.0,300.0,56.723285229761515
100,500,1,0.04,0.4,0.7,3,0.6978,103,0.0513,93,75.0,1550.0,197.7226832003849
100,500,1,0.04,0.4,0.7,3,0.7102,88,0.0461,85,75.0,625.0,145.28756832107322
100,500,1,0.04,0.4,0.7,3,0.7101,66,0.0528,92,75.0,600.0,136.67586841015893
100,500,1,0.04,0.5,0.7,3,0.6923,98,0.1146,80,125.0,3975.0,601.791271434706
100,500,1,0.04,0.5,0.7,3,0.6973,73,0.0909,89,125.0,2200.0,384.13904738557517
100,500,1,0.04,0.5,0.7,3,0.702,87,0.0943,89,150.0,1250.0,310.5974466929587
100,500,1,0.04,0.6,0.7,3,0.7056,74,0.2278,65,300.0,9600.0,1578.2928384883678
100,500,1,0.04,0.6,0.7,3,0.7012,79,0.2122,70,250.0,9075.0,1358.2456046124278
100,500,1,0.04,0.6,0.7,3,0.6992,72,0.2262,55,400.0,7925.0,1658.4155537018855
100,500,1,0.04,0.7,0.7,3,0.7027,77,0.4228,40,287.5,29275.0,6507.263249631138
100,500,1,0.04,0.7,0.7,3,0.6951,75,0.4271,29,150.0,96225.0,17496.2630203982
100,500,1,0.04,0.7,0.7,3,0.6927,108,0.4477,36,137.5,87225.0,14338.826651760191
100,500,1,0.04,0.8,0.7,3,0.7004,85,0.6361,23,50.0,157600.0,32126.368881414626
100,500,1,0.04,0.8,0.7,3,0.6977,99,0.6239,18,75.0,153950.0,35237.21215925251
100,500,1,0.04,0.8,0.7,3,0.6985,87,0.6469,14,25.0,160125.0,41207.12649041351
100,500,1,0.04,0.9,0.7,3,0.704,83,0.6934,45,25.0,171075.0,25209.820519338962
100,500,1,0.04,0.9,0.7,3,0.702,69,0.6943,38,37.5,169550.0,27123.612569352314
100,500,1,0.04,0.9,0.7,3,0.6957,81,0.6821,32,50.0,168225.0,29257.093230060655
100,500,1,0.04,1,0.7,3,0.6995,76,0.6995,76,25.0,172175.0,19615.38334646494
100,500,1,0.04,1,0.7,3,0.6934,94,0.6934,94,25.0,166700.0,17095.87382777683
100,500,1,0.04,1,0.7,3,0.7006,73,0.7006,73,25.0,172150.0,20005.343024573926
100,500,1,0.0004,0.3,0.8,3,0.8076,19,0.0007,1,175.0,175.0,0.0
100,500,1,0.0004,0.3,0.8,3,0.8019,22,0.0005,1,125.0,125.0,0.0
100,500,1,0.0004,0.3,0.8,3,0.7984,13,0.0001,1,25.0,25.0,0.0
100,500,1,0.0004,0.4,0.8,3,0.805,15,0.0001,1,25.0,25.0,0.0
100,500,1,0.0004,0.4,0.8,3,0.8021,17,0.0007,1,175.0,175.0,0.0
100,500,1,0.0004,0.4,0.8,3,0.8027,13,0.0002,1,50.0,50.0,0.0
100,500,1,0.0004,0.5,0.8,3,0.8021,16,0.0006,1,150.0,150.0,0.0
100,500,1,0.0004,0.5,0.8,3,0.8008,14,0.0028,1,700.0,700.0,0.0
100,500,1,0.0004,0.5,0.8,3,0.8026,12,0.0013,1,325.0,325.0,0.0
100,500,1,0.0004,0.6,0.8,3,0.7938,22,0.0023,1,575.0,575.0,0.0
100,500,1,0.0004,0.6,0.8,3,0.7958,22,0.0001,1,25.0,25.0,0.0
100,500,1,0.0004,0.6,0.8,3,0.7963,19,0.0096,1,2400.0,2400.0,0.0
100,500,1,0.0004,0.7,0.8,3,0.7952,12,0.001,1,250.0,250.0,0.0
100,500,1,0.0004,0.7,0.8,3,0.8032,16,0.6125,1,153125.0,153125.0,0.0
100,500,1,0.0004,0.7,0.8,3,0.8014,17,0.6293,1,157325.0,157325.0,0.0
100,500,1,0.0004,0.8,0.8,3,0.8001,22,0.7659,1,191475.0,191475.0,0.0
100,500,1,0.0004,0.8,0.8,3,0.8021,17,0.7537,1,188425.0,188425.0,0.0
100,500,1,0.0004,0.8,0.8,3,0.8018,11,0.7716,1,192900.0,192900.0,0.0
100,500,1,0.0004,0.9,0.8,3,0.7945,23,0.7835,1,195875.0,195875.0,0.0
100,500,1,0.0004,0.9,0.8,3,0.8043,18,0.7972,1,199300.0,199300.0,0.0
100,500,1,0.0004,0.9,0.8,3,0.798,18,0.7869,1,196725.0,196725.0,0.0
100,500,1,0.0004,1,0.8,3,0.8013,12,0.8002,1,200050.0,200050.0,0.0
100,500,1,0.0004,1,0.8,3,0.8025,16,0.8006,1,200150.0,200150.0,0.0
100,500,1,0.0004,1,0.8,3,0.7991,23,0.7969,1,199225.0,199225.0,0.0
100,500,1,0.002,0.3,0.8,3,0.7989,23,0.0008,5,25.0,100.0,30.0
100,500,1,0.002,0.3,0.8,3,0.7961,19,0.0008,5,50.0,50.0,12.24744871391589
100,500,1,0.002,0.3,0.8,3,0.7969,15,0.0028,5,100.0,225.0,60.41522986797286
100,500,1,0.002,0.4,0.8,3,0.7916,19,0.0021,5,50.0,300.0,100.4987562112089
100,500,1,0.002,0.4,0.8,3,0.8039,17,0.0035,5,100.0,475.0,171.0263137648707
100,500,1,0.002,0.4,0.8,3,0.8016,14,0.0071,5,375.0,600.0,202.73134932713293
100,500,1,0.002,0.5,0.8,3,0.8028,26,0.0063,5,125.0,1250.0,469.20144927312407
100,500,1,0.002,0.5,0.8,3,0.7993,18,0.0069,5,475.0,600.0,234.2007685726074
100,500,1,0.002,0.5,0.8,3,0.7958,21,0.0127,5,700.0,1200.0,389.74350539810155
100,500,1,0.002,0.6,0.8,3,0.7997,19,0.0523,4,1450.0,9800.0,3821.909494938361
100,500,1,0.002,0.6,0.8,3,0.8042,19,0.0793,4,2587.5,14450.0,5635.5560672838665
100,500,1,0.002,0.6,0.8,3,0.7984,25,0.0939,5,400.0,13275.0,5536.32098057907
100,500,1,0.002,0.7,0.8,3,0.8004,18,0.6667,2,83337.5,166425.0,83087.5
100,500,1,0.002,0.7,0.8,3,0.8002,18,0.6831,1,170775.0,170775.0,0.0
100,500,1,0.002,0.7,0.8,3,0.8012,14,0.5346,1,133650.0,133650.0,0.0
100,500,1,0.002,0.8,0.8,3,0.805,19,0.7771,3,25.0,194225.0,91546.75793761836
100,500,1,0.002,0.8,0.8,3,0.8024,14,0.7705,2,96312.5,192600.0,96287.5
100,500,1,0.002,0.8,0.8,3,0.8011,11,0.7687,2,96087.5,191725.0,95637.5
100,500,1,0.002,0.9,0.8,3,0.7959,15,0.7855,2,98187.5,196300.0,98112.5
100,500,1,0.002,0.9,0.8,3,0.7953,17,0.7861,3,50.0,196425.0,92572.06277033885
100,500,1,0.002,0.9,0.8,3,0.8017,19,0.7903,2,98787.5,197550.0,98762.5
100,500,1,0.002,1,0.8,3,0.8013,18,0.8,5,25.0,199850.0,79925.0023459493
100,500,1,0.002,1,0.8,3,0.8011,18,0.7998,5,25.0,199775.0,79892.50528053305
100,500,1,0.002,1,0.8,3,0.8073,14,0.8064,5,25.0,201475.0,80577.50058173807
100,500,1,0.04,0.3,0.8,3,0.7943,12,0.0364,94,75.0,625.0,93.27336585881771
100,500,1,0.04,0.3,0.8,3,0.798,12,0.0367,92,75.0,475.0,94.58824994369125
100,500,1,0.04,0.3,0.8,3,0.7962,15,0.0368,96,50.0,500.0,93.16949906249124
100,500,1,0.04,0.4,0.8,3,0.8022,11,0.0645,88,100.0,1150.0,194.9184558124815
100,500,1,0.04,0.4,0.8,3,0.8015,14,0.0817,85,150.0,1525.0,304.84070376391713
100,500,1,0.04,0.4,0.8,3,0.7939,18,0.0502,89,100.0,750.0,143.01367062666725
100,500,1,0.04,0.5,0.8,3,0.8001,14,0.205,65,225.0,8400.0,1458.5363904842634
100,500,1,0.04,0.5,0.8,3,0.7896,26,0.1956,67,250.0,6050.0,1165.8482819515127
100,500,1,0.04,0.5,0.8,3,0.7976,24,0.1779,68,262.5,3550.0,843.9404501194091
100,500,1,0.04,0.6,0.8,3,0.8103,14,0.4857,16,637.5,86950.0,21384.856953779086
100,500,1,0.04,0.6,0.8,3,0.8046,9,0.4985,14,75.0,118950.0,30527.577497774913
100,500,1,0.04,0.6,0.8,3,0.8009,14,0.4763,25,225.0,77500.0,16177.949684678835
100,500,1,0.04,0.7,0.8,3,0.8092,12,0.7442,8,25.0,185550.0,61341.36393729357
100,500,1,0.04,0.7,0.8,3,0.796,20,0.7251,7,50.0,180850.0,63259.57497905446
100,500,1,0.04,0.7,0.8,3,0.8017,15,0.7331,6,87.5,182900.0,68134.87759685848
100,500,1,0.04,0.8,0.8,3,0.8014,16,0.7895,9,25.0,197075.0,61922.9155413067
100,500,1,0.04,0.8,0.8,3,0.7979,20,0.7871,11,25.0,196275.0,56410.73435449341
100,500,1,0.04,0.8,0.8,3,0.7985,22,0.7871,15,25.0,196200.0,48930.64519183136
100,500,1,0.04,0.9,0.8,3,0.7948,21,0.7948,21,25.0,197550.0,42057.831230348216
100,500,1,0.04,0.9,0.8,3,0.7951,29,0.7951,29,25.0,197700.0,36066.46526575284
100,500,1,0.04,0.9,0.8,3,0.8039,15,0.8039,15,25.0,200550.0,50018.38784109521
100,500,1,0.04,1,0.8,3,0.8048,16,0.8048,16,25.0,200825.0,48605.94099490308
100,500,1,0.04,1,0.8,3,0.7988,25,0.7988,25,25.0,197875.0,38761.064304273175
100,500,1,0.04,1,0.8,3,0.8018,20,0.8018,20,25.0,199850.0,43549.423718919636
100,500,1,0.0004,0.3,0.9,3,0.9053,2,0.0008,1,200.0,200.0,0.0
100,500,1,0.0004,0.3,0.9,3,0.8964,7,0.0004,1,100.0,100.0,0.0
100,500,1,0.0004,0.3,0.9,3,0.9028,2,0.0002,1,50.0,50.0,0.0
100,500,1,0.0004,0.4,0.9,3,0.9,1,0.0009,1,225.0,225.0,0.0
100,500,1,0.0004,0.4,0.9,3,0.9,1,0.0005,1,125.0,125.0,0.0
100,500,1,0.0004,0.4,0.9,3,0.9,4,0.0001,1,25.0,25.0,0.0
100,500,1,0.0004,0.5,0.9,3,0.8966,1,0.0003,1,75.0,75.0,0.0
100,500,1,0.0004,0.5,0.9,3,0.8981,2,0.0032,1,800.0,800.0,0.0
100,500,1,0.0004,0.5,0.9,3,0.9011,6,0.0045,1,1125.0,1125.0,0.0
100,500,1,0.0004,0.6,0.9,3,0.9042,1,0.1478,1,36950.0,36950.0,0.0
100,500,1,0.0004,0.6,0.9,3,0.9004,2,0.001,1,250.0,250.0,0.0
100,500,1,0.0004,0.6,0.9,3,0.8945,3,0.0035,1,875.0,875.0,0.0
100,500,1,0.0004,0.7,0.9,3,0.8981,2,0.0001,1,25.0,25.0,0.0
100,500,1,0.0004,0.7,0.9,3,0.8994,2,0.8648,1,216200.0,216200.0,0.0
100,500,1,0.0004,0.7,0.9,3,0.9027,2,0.8644,1,216100.0,216100.0,0.0
100,500,1,0.0004,0.8,0.9,3,0.8999,3,0.8902,1,222550.0,222550.0,0.0
100,500,1,0.0004,0.8,0.9,3,0.9033,2,0.8961,1,224025.0,224025.0,0.0
100,500,1,0.0004,0.8,0.9,3,0.9005,1,0.89,1,222500.0,222500.0,0.0
100,500,1,0.0004,0.9,0.9,3,0.8989,1,0.897,1,224250.0,224250.0,0.0
100,500,1,0.0004,0.9,0.9,3,0.897,2,0.8957,1,223925.0,223925.0,0.0
100,500,1,0.0004,0.9,0.9,3,0.9007,2,0.8989,1,224725.0,224725.0,0.0
100,500,1,0.0004,1,0.9,3,0.8971,1,0.8971,1,224275.0,224275.0,0.0
100,500,1,0.0004,1,0.9,3,0.9014,3,0.9011,1,225275.0,225275.0,0.0
100,500,1,0.0004,1,0.9,3,0.9,2,0.8999,1,224975.0,224975.0,0.0
100,500,1,0.002,0.3,0.9,3,0.8959,2,0.0035,5,175.0,375.0,137.84048752090223
100,500,1,0.002,0.3,0.9,3,0.9009,2,0.0048,5,225.0,525.0,175.78395831246945
100,500,1,0.002,0.3,0.9,3,0.8992,3,0.0018,5,50.0,200.0,71.76350047203663
100,500,1,0.002,0.4,0.9,3,0.8986,2,0.0094,5,150.0,1550.0,552.58483511584
100,500,1,0.002,0.4,0.9,3,0.8952,5,0.0074,5,200.0,775.0,335.5592347112503
100,500,1,0.002,0.4,0.9,3,0.9023,2,0.011,5,175.0,1275.0,524.1660042391151
100,500,1,0.002,0.5,0.9,3,0.9035,2,0.0075,5,150.0,1325.0,481.9232304008596
100,500,1,0.002,0.5,0.9,3,0.9003,1,0.0578,4,625.0,13175.0,5528.6328554173315
100,500,1,0.002,0.5,0.9,3,0.8985,2,0.0458,5,1075.0,8900.0,3347.857523850141
100,500,1,0.002,0.6,0.9,3,0.8982,3,0.7238,1,180950.0,180950.0,0.0
100,500,1,0.002,0.6,0.9,3,0.9045,5,0.7303,2,91287.5,182550.0,91262.5
100,500,1,0.002,0.6,0.9,3,0.9009,4,0.3283,2,41037.5,80600.0,39562.5
100,500,1,0.002,0.7,0.9,3,0.8962,1,0.8495,2,106187.5,212350.0,106162.5
100,500,1,0.002,0.7,0.9,3,0.8986,1,0.8598,2,107475.0,214925.0,107450.0
100,500,1,0.002,0.7,0.9,3,0.8991,2,0.8658,1,216450.0,216450.0,0.0
100,500,1,0.002,0.8,0.9,3,0.9025,1,0.8912,1,222800.0,222800.0,0.0
100,500,1,0.002,0.8,0.9,3,0.8973,4,0.8885,1,222125.0,222125.0,0.0
100,500,1,0.002,0.8,0.9,3,0.8962,2,0.8882,1,222050.0,222050.0,0.0
100,500,1,0.002,0.9,0.9,3,0.8959,3,0.8936,2,111700.0,223375.0,111675.0
100,500,1,0.002,0.9,0.9,3,0.9028,2,0.9014,1,225350.0,225350.0,0.0
100,500,1,0.002,0.9,0.9,3,0.9034,1,0.9028,1,225700.0,225700.0,0.0
100,500,1,0.002,1,0.9,3,0.8995,1,0.8995,1,224875.0,224875.0,0.0
100,500,1,0.002,1,0.9,3,0.9003,2,0.9003,2,112537.5,225050.0,112512.5
100,500,1,0.002,1,0.9,3,0.8948,3,0.8948,3,25.0,223650.0,105417.83596189445
100,500,1,0.04,0.3,0.9,3,0.9023,2,0.0418,94,75.0,450.0,104.97067861093325
100,500,1,0.04,0.3,0.9,3,0.9046,3,0.0532,88,100.0,1050.0,171.67743152746598
100,500,1,0.04,0.3,0.9,3,0.8975,1,0.0439,92,75.0,700.0,121.97999996823056
100,500,1,0.04,0.4,0.9,3,0.9039,3,0.1004,83,125.0,2150.0,429.75922191706474
100,500,1,0.04,0.4,0.9,3,0.8995,1,0.1539,72,225.0,4350.0,788.276045090734
100,500,1,0.04,0.4,0.9,3,0.8992,4,0.1125,77,150.0,1925.0,480.7521812823367
100,500,1,0.04,0.5,0.9,3,0.9022,3,0.3518,35,200.0,51300.0,8819.526573438725
100,500,1,0.04,0.5,0.9,3,0.9022,4,0.4447,19,150.0,103825.0,23102.44700197848
100,500,1,0.04,0.5,0.9,3,0.9034,1,0.3751,22,275.0,52950.0,12543.254140446099
100,500,1,0.04,0.6,0.9,3,0.8926,5,0.7506,4,37.5,187550.0,81197.09912459928
100,500,1,0.04,0.6,0.9,3,0.8975,2,0.7875,5,50.0,196725.0,78675.00079440737
100,500,1,0.04,0.6,0.9,3,0.9033,3,0.8127,4,50.0,203050.0,87905.18929328064
100,500,1,0.04,0.7,0.9,3,0.9024,2,0.8792,1,219800.0,219800.0,0.0
100,500,1,0.04,0.7,0.9,3,0.9007,1,0.885,3,25.0,221200.0,104262.89488595643
100,500,1,0.04,0.7,0.9,3,0.899,2,0.8747,1,218675.0,218675.0,0.0
100,500,1,0.04,0.8,0.9,3,0.901,2,0.901,2,112625.0,225225.0,112600.0
100,500,1,0.04,0.8,0.9,3,0.8996,9,0.8996,9,25.0,224700.0,70608.54047248336
100,500,1,0.04,0.8,0.9,3,0.8967,2,0.8967,2,112087.5,224150.0,112062.5
100,500,1,0.04,0.9,0.9,3,0.9023,4,0.9023,4,25.0,225500.0,97633.53895914815
100,500,1,0.04,0.9,0.9,3,0.9024,1,0.9024,1,225600.0,225600.0,0.0
100,500,1,0.04,0.9,0.9,3,0.9021,2,0.9021,2,112762.5,225500.0,112737.5
100,500,1,0.04,1,0.9,3,0.9033,3,0.9033,3,25.0,225775.0,106419.57056857541
100,500,1,0.04,1,0.9,3,0.9038,1,0.9038,1,225950.0,225950.0,0.0
100,500,1,0.04,1,0.9,3,0.8976,1,0.8976,1,224400.0,224400.0,0.0
100,500,1,0.0004,0.3,1,3,1.0,1,0.0039,1,975.0,975.0,0.0
100,500,1,0.0004,0.3,1,3,1.0,1,0.0009,1,225.0,225.0,0.0
100,500,1,0.0004,0.3,1,3,1.0,1,0.001,1,250.0,250.0,0.0
100,500,1,0.0004,0.4,1,3,1.0,1,0.0005,1,125.0,125.0,0.0
100,500,1,0.0004,0.4,1,3,1.0,1,0.0062,1,1550.0,1550.0,0.0
100,500,1,0.0004,0.4,1,3,1.0,1,0.004,1,1000.0,1000.0,0.0
100,500,1,0.0004,0.5,1,3,1.0,1,0.4379,1,109475.0,109475.0,0.0
100,500,1,0.0004,0.5,1,3,1.0,1,0.0145,1,3625.0,3625.0,0.0
100,500,1,0.0004,0.5,1,3,1.0,1,0.5613,1,140325.0,140325.0,0.0
100,500,1,0.0004,0.6,1,3,1.0,1,0.9496,1,237400.0,237400.0,0.0
100,500,1,0.0004,0.6,1,3,1.0,1,0.9342,1,233550.0,233550.0,0.0
100,500,1,0.0004,0.6,1,3,1.0,1,0.9315,1,232875.0,232875.0,0.0
100,500,1,0.0004,0.7,1,3,1.0,1,0.9906,1,247650.0,247650.0,0.0
100,500,1,0.0004,0.7,1,3,1.0,1,0.9881,1,247025.0,247025.0,0.0
100,500,1,0.0004,0.7,1,3,1.0,1,0.986,1,246500.0,246500.0,0.0
100,500,1,0.0004,0.8,1,3,1.0,1,0.998,1,249500.0,249500.0,0.0
100,500,1,0.0004,0.8,1,3,1.0,1,0.9983,1,249575.0,249575.0,0.0
100,500,1,0.0004,0.8,1,3,1.0,1,0.9977,1,249425.0,249425.0,0.0
100,500,1,0.0004,0.9,1,3,1.0,1,0.9996,1,249900.0,249900.0,0.0
100,500,1,0.0004,0.9,1,3,1.0,1,0.9998,1,249950.0,249950.0,0.0
100,500,1,0.0004,0.9,1,3,1.0,1,0.9998,1,249950.0,249950.0,0.0
100,500,1,0.0004,1,1,3,1.0,1,1.0,1,250000.0,250000.0,0.0
100,500,1,0.0004,1,1,3,1.0,1,1.0,1,250000.0,250000.0,0.0
100,500,1,0.0004,1,1,3,1.0,1,1.0,1,250000.0,250000.0,0.0
100,500,1,0.002,0.3,1,3,1.0,1,0.0045,5,75.0,550.0,218.51773383412157
100,500,1,0.002,0.3,1,3,1.0,1,0.0046,4,312.5,500.0,215.42109924517607
100,500,1,0.002,0.3,1,3,1.0,1,0.0044,5,50.0,700.0,256.61254840712684
100,500,1,0.002,0.4,1,3,1.0,1,0.0328,4,2350.0,3300.0,1136.3318177363512
100,500,1,0.002,0.4,1,3,1.0,1,0.0063,5,300.0,725.0,231.08440016582685
100,500,1,0.002,0.4,1,3,1.0,1,0.0132,4,575.0,1975.0,689.4291116568838
100,500,1,0.002,0.5,1,3,1.0,1,0.292,4,412.5,72150.0,31120.135161981543
100,500,1,0.002,0.5,1,3,1.0,1,0.2543,2,31787.5,63500.0,31712.5
100,500,1,0.002,0.5,1,3,1.0,1,0.3725,2,46562.5,92975.0,46412.5
100,500,1,0.002,0.6,1,3,1.0,1,0.9432,1,235800.0,235800.0,0.0
100,500,1,0.002,0.6,1,3,1.0,1,0.9457,1,236425.0,236425.0,0.0
100,500,1,0.002,0.6,1,3,1.0,1,0.9344,1,233600.0,233600.0,0.0
100,500,1,0.002,0.7,1,3,1.0,1,0.987,1,246750.0,246750.0,0.0
100,500,1,0.002,0.7,1,3,1.0,1,0.9877,1,246925.0,246925.0,0.0
100,500,1,0.002,0.7,1,3,1.0,1,0.9868,1,246700.0,246700.0,0.0
100,500,1,0.002,0.8,1,3,1.0,1,0.9982,1,249550.0,249550.0,0.0
100,500,1,0.002,0.8,1,3,1.0,1,0.9981,1,249525.0,249525.0,0.0
100,500,1,0.002,0.8,1,3,1.0,1,0.9982,1,249550.0,249550.0,0.0
100,500,1,0.002,0.9,1,3,1.0,1,1.0,1,250000.0,250000.0,0.0
100,500,1,0.002,0.9,1,3,1.0,1,1.0,1,250000.0,250000.0,0.0
100,500,1,0.002,0.9,1,3,1.0,1,1.0,1,250000.0,250000.0,0.0
100,500,1,0.002,1,1,3,1.0,1,1.0,1,250000.0,250000.0,0.0
100,500,1,0.002,1,1,3,1.0,1,1.0,1,250000.0,250000.0,0.0
100,500,1,0.002,1,1,3,1.0,1,1.0,1,250000.0,250000.0,0.0
100,500,1,0.04,0.3,1,3,1.0,1,0.0632,84,87.5,1700.0,274.74220033331414
100,500,1,0.04,0.3,1,3,1.0,1,0.0616,93,100.0,825.0,172.42397336991647
100,500,1,0.04,0.3,1,3,1.0,1,0.0709,94,112.5,975.0,205.95085958562092
100,500,1,0.04,0.4,1,3,1.0,1,0.2223,50,275.0,7550.0,1796.7485216356795
100,500,1,0.04,0.4,1,3,1.0,1,0.1602,69,150.0,4225.0,861.462246571741
100,500,1,0.04,0.4,1,3,1.0,1,0.263,39,475.0,10900.0,2626.094368164679
100,500,1,0.04,0.5,1,3,1.0,1,0.7881,4,25.0,196950.0,85271.0263201253
100,500,1,0.04,0.5,1,3,1.0,1,0.8019,2,100237.5,200450.0,100212.5
100,500,1,0.04,0.5,1,3,1.0,1,0.7972,5,25.0,199175.0,79657.50058845682
100,500,1,0.04,0.6,1,3,1.0,1,0.963,2,120375.0,240700.0,120325.0
100,500,1,0.04,0.6,1,3,1.0,1,0.96,1,240000.0,240000.0,0.0
100,500,1,0.04,0.6,1,3,1.0,1,0.9642,1,241050.0,241050.0,0.0
100,500,1,0.04,0.7,1,3,1.0,1,0.9985,1,249625.0,249625.0,0.0
100,500,1,0.04,0.7,1,3,1.0,1,1.0,1,250000.0,250000.0,0.0
100,500,1,0.04,0.7,1,3,1.0,1,0.9982,1,249550.0,249550.0,0.0
100,500,1,0.04,0.8,1,3,1.0,1,1.0,1,250000.0,250000.0,0.0
100,500,1,0.04,0.8,1,3,1.0,1,1.0,1,250000.0,250000.0,0.0
100,500,1,0.04,0.8,1,3,1.0,1,1.0,1,250000.0,250000.0,0.0
100,500,1,0.04,0.9,1,3,1.0,1,1.0,1,250000.0,250000.0,0.0
100,500,1,0.04,0.9,1,3,1.0,1,1.0,1,250000.0,250000.0,0.0
100,500,1,0.04,0.9,1,3,1.0,1,1.0,1,250000.0,250000.0,0.0
100,500,1,0.04,1,1,3,1.0,1,1.0,1,250000.0,250000.0,0.0
100,500,1,0.04,1,1,3,1.0,1,1.0,1,250000.0,250000.0,0.0
100,500,1,0.04,1,1,3,1.0,1,1.0,1,250000.0,250000.0,0.0
